code,name,最新价,昨收,涨跌幅%,成交量,成交额
000001,平安银行,11.65,11.59,0.52,83812624.0,973220511.51
000002,万 科Ａ,3.16,3.11,1.61,162809318.0,512016922.05
000006,深振业Ａ,7.48,7.34,1.91,30101024.0,225333356.28
000007,全新好,12.6,12.75,-1.18,6470400.0,82082436.0
000008,神州高铁,2.52,2.49,1.2,36503890.0,91582862.8
000009,中国宝安,7.26,7.25,0.14,14410485.0,104215021.77
000010,*ST美丽,1.6,1.6,0.0,24446600.0,39688776.0
000011,深物业A,9.15,8.32,9.98,12082824.0,107880200.6
000012,南 玻Ａ,3.79,3.77,0.53,18877577.0,71384456.11
000014,沙河股份,11.45,10.97,4.38,12942661.0,147284642.95
000016,*ST康佳A,2.45,2.33,5.15,372481726.0,910789890.44
000017,深中华A,11.45,10.41,9.99,110570517.0,1253143466.62
000019,深粮控股,7.32,7.17,2.09,35499505.0,257623588.14
000020,深华发Ａ,13.08,13.14,-0.46,16104374.0,211213873.44
000021,深科技,37.17,37.85,-1.8,72864863.0,2750359983.33
000025,特 力Ａ,17.06,16.66,2.4,28685839.0,486275056.08
000026,飞亚达,20.07,20.45,-1.86,7802300.0,158529814.0
000027,深圳能源,6.32,6.31,0.16,17910588.0,112739597.64
000028,国药一致,19.98,19.95,0.15,1498807.0,29863655.91
000029,深深房Ａ,23.73,23.63,0.42,4924310.0,117101121.1
000030,富奥股份,4.06,4.24,-4.25,27194450.0,109745378.12
000031,大悦城,2.26,2.21,2.26,38685758.0,86899647.52
000032,深桑达Ａ,14.52,14.82,-2.02,33888924.0,499824305.49
000034,神州数码,24.08,23.64,1.86,24038020.0,575542812.78
000035,中国天楹,4.72,4.67,1.07,25322587.0,118939143.73
000036,华联控股,4.12,4.13,-0.24,24989724.0,103214491.13
000037,深南电A,9.84,9.85,-0.1,17962200.0,175896182.0
000039,中集集团,9.62,9.3,3.44,37889552.0,361672696.4
000042,中洲控股,8.69,8.55,1.64,5572971.0,47899793.16
000045,深纺织Ａ,11.12,10.75,3.44,12334068.0,136365629.41
000048,京基智农,22.17,22.45,-1.25,9743702.0,218010257.5
000049,德赛电池,23.53,23.59,-0.25,5151812.0,121327915.43
000050,深天马Ａ,6.72,6.67,0.75,16797120.0,112816534.4
000055,方大集团,3.61,3.58,0.84,7790849.0,27983322.93
000056,*ST皇庭,2.08,2.06,0.97,20176800.0,42290220.0
000058,深 赛 格,7.18,6.89,4.21,14178450.0,100577631.07
000059,华锦股份,5.57,5.06,10.08,98089558.0,539433633.75
000060,中金岭南,6.93,6.84,1.32,164310553.0,1131507166.26
000061,农 产 品,6.44,6.28,2.55,41007700.0,260552855.72
000062,深圳华强,24.85,22.59,10.0,60959655.0,1472468301.27
000063,中兴通讯,33.63,33.96,-0.97,53136332.0,1794111237.13
000065,北方国际,10.23,9.95,2.81,41944844.0,425550976.74
000066,中国长城,14.26,14.36,-0.7,67901416.0,975670247.93
000068,华控赛格,3.3,3.18,3.77,24939382.0,80990714.2
000069,华侨城Ａ,1.83,1.79,2.23,53838330.0,97764107.6
000070,特发信息,15.91,16.5,-3.58,77000115.0,1243095115.66
000078,ST海王,1.61,1.62,-0.62,36598074.0,59014137.54
000088,盐 田 港,4.53,4.54,-0.22,26678145.0,120615855.98
000089,深圳机场,6.56,6.49,1.08,16132653.0,105240574.97
000090,天健集团,3.58,3.52,1.7,19206852.0,69023849.53
000096,广聚能源,8.28,8.15,1.6,9602049.0,78811126.79
000099,中信海直,13.77,13.69,0.58,8035455.0,110645122.29
000100,TCL科技,4.96,4.97,-0.2,368719035.0,1824666126.23
000151,中成股份,10.24,10.12,1.19,5409595.0,55074291.25
000153,丰原药业,6.45,6.45,0.0,20271120.0,130183602.2
000155,川能动力,12.35,12.12,1.9,47127370.0,579595880.97
000156,华数传媒,6.93,6.82,1.61,8459400.0,58403469.0
000157,中联重科,6.82,7.09,-3.81,96812476.0,661881466.36
000158,常山北明,12.61,12.71,-0.79,24833491.0,317061789.7
000159,国际实业,6.07,6.05,0.33,8729702.0,52912294.1
000166,申万宏源,4.58,4.57,0.22,57339416.0,261858098.85
000301,东方盛虹,14.1,13.63,3.45,48924604.0,678989441.57
000333,美的集团,86.23,86.18,0.06,16936204.0,1459282370.06
000338,潍柴动力,27.64,26.99,2.41,204512902.0,5513740208.34
000400,许继电气,21.85,22.04,-0.86,9640305.0,210058200.65
000401,金隅冀东,3.66,3.62,1.1,10027170.0,36595167.91
000402,金 融 街,2.55,2.5,2.0,45903188.0,116528125.9
000403,派林生物,10.59,10.67,-0.75,4893628.0,51931684.52
000404,长虹华意,7.12,7.13,-0.14,7339400.0,52233377.0
000407,胜利股份,4.22,4.17,1.2,13961029.0,58528971.8
000408,藏格矿业,79.0,78.83,0.22,8542400.0,671760622.26
000409,云鼎科技,8.78,8.81,-0.34,5442339.0,47784357.25
000410,沈阳机床,5.2,5.16,0.78,13799901.0,71501627.18
000411,英特集团,9.89,9.81,0.82,4281280.0,42447801.2
000415,渤海租赁,4.49,4.48,0.22,45830527.0,205627844.23
000417,合百集团,5.79,5.73,1.05,19024660.0,109695614.4
000419,通程控股,5.06,4.96,2.02,6817100.0,34207853.0
000420,吉林化纤,3.78,3.68,2.72,79643626.0,297523672.96
000421,南京公用,5.78,5.71,1.23,9662514.0,55543109.8
000422,湖北宜化,13.13,12.57,4.46,49782383.0,642161579.27
000423,东阿阿胶,49.12,48.99,0.27,4688800.0,229579832.0
000425,徐工机械,7.95,8.01,-0.75,151532662.0,1193904579.51
000426,兴业银锡,41.58,40.69,2.19,69853908.0,2871360282.01
000428,华天酒店,4.55,4.61,-1.3,65240385.0,295109954.12
000429,粤高速Ａ,13.39,13.43,-0.3,4917037.0,66046527.98
000430,张家界,7.02,6.89,1.89,10852500.0,75723626.0
000488,ST晨鸣,1.93,1.91,1.05,9616101.0,18561211.93
000498,山东路桥,4.97,4.94,0.61,8723045.0,43302214.2
000501,武商集团,7.29,7.3,-0.14,9593330.0,69353861.1
000503,国新健康,6.99,6.91,1.16,10264555.0,71767382.86
000504,南华生物,8.4,8.41,-0.12,4298599.0,35947597.66
000505,京粮控股,7.34,7.21,1.8,95443137.0,696199500.16
000506,招金黄金,21.43,22.08,-2.94,132782885.0,2819852142.29
000507,珠海港,5.1,5.03,1.39,13520921.0,68653936.28
000509,华塑控股,3.53,3.52,0.28,17642800.0,62646900.0
000510,新金路,17.73,17.41,1.84,54302146.0,973651482.56
000513,丽珠集团,26.76,26.27,1.87,9307799.0,249050371.54
000514,渝 开 发,4.17,4.08,2.21,10260177.0,42617246.7
000516,国际医学,4.16,4.18,-0.48,11210300.0,46615257.0
000517,荣安地产,2.23,2.28,-2.19,44458399.0,99823871.72
000518,四环生物,3.88,3.95,-1.77,35369589.0,138876929.66
000519,中兵红箭,14.43,14.37,0.42,23247706.0,335759163.0
000520,凤凰航运,4.25,4.22,0.71,25421100.0,108233012.0
000521,长虹美菱,4.85,4.86,-0.21,3885300.0,18848398.0
000523,红棉股份,3.54,3.42,3.51,111318180.0,392659714.2
000524,岭南控股,10.19,9.9,2.93,17295654.0,175719466.89
000525,红太阳,4.84,4.67,3.64,44242676.0,211508658.82
000526,学大教育,35.22,35.16,0.17,4127900.0,146179774.0
000528,柳 工,7.87,7.95,-1.01,27958762.0,219699411.6
000529,广弘控股,5.02,4.99,0.6,4192053.0,21018223.59
000530,冰山冷热,5.16,5.14,0.39,11323900.0,58358315.0
000531,穗恒运Ａ,5.72,5.68,0.7,5805171.0,33070198.81
000532,华金资本,11.28,11.36,-0.7,3659500.0,41341724.0
000533,顺钠股份,11.84,11.66,1.54,103753995.0,1226359906.19
000534,万泽股份,23.2,23.8,-2.52,18242870.0,423716196.32
000536,华映科技,3.54,3.51,0.85,110458057.0,389409976.78
000537,绿发电力,7.58,7.67,-1.17,15799498.0,119864413.96
000538,云南白药,50.0,49.99,0.02,5114160.0,255210429.2
000539,粤电力Ａ,5.3,5.36,-1.12,34166350.0,181176753.57
000541,佛山照明,4.93,4.91,0.41,4060000.0,19980181.61
000543,皖能电力,7.43,7.43,0.0,14167235.0,104931574.5
000544,中原环保,7.33,7.32,0.14,3048300.0,22343508.0
000545,金浦钛业,2.69,2.64,1.89,36766858.0,98203754.12
000546,金圆股份,4.86,4.81,1.04,13764000.0,66664674.0
000547,航天发展,14.16,14.04,0.85,48945136.0,691394487.68
000548,湖南投资,4.61,4.55,1.32,6739401.0,30942359.65
000550,江铃汽车,16.34,16.09,1.55,4720186.0,76811569.38
000551,创元科技,12.52,12.68,-1.26,11999098.0,151198802.38
000552,甘肃能化,2.73,2.65,3.02,109335405.0,295627145.35
000553,安道麦A,5.72,5.64,1.42,9900868.0,56247617.8
000554,泰山石油,6.66,6.46,3.1,20407243.0,134487748.24
000555,神州信息,10.7,10.82,-1.11,15002900.0,162396124.0
000557,西部创业,3.76,3.68,2.17,12018176.0,44891898.32
000558,天府文旅,3.68,3.6,2.22,36172817.0,132530307.24
000559,万向钱潮,11.08,11.38,-2.64,32933741.0,368465766.41
000560,我爱我家,2.64,2.4,10.0,248703826.0,642316327.8
000561,烽火电子,7.79,7.82,-0.38,6777200.0,52784818.14
000563,陕国投Ａ,3.05,3.07,-0.65,52183749.0,158737738.96
000564,供销大集,1.56,1.52,2.63,457600447.0,700752368.19
000565,渝三峡Ａ,6.62,6.02,9.97,23189945.0,146280396.41
000566,海南海药,5.04,5.05,-0.2,106377234.0,533357636.33
000567,海德股份,7.01,6.37,10.05,84726976.0,568131933.05
000568,泸州老窖,78.44,77.51,1.2,10116697.0,791044521.01
000570,苏常柴Ａ,5.24,5.16,1.55,12204713.0,63644045.25
000571,新大洲A,6.26,6.4,-2.19,21836600.0,139136281.0
000572,海马汽车,3.94,3.92,0.51,31337480.0,123507876.7
000573,粤宏远Ａ,3.84,3.73,2.95,15872047.0,60316618.27
000576,甘化科工,8.16,8.0,2.0,63862854.0,517329517.69
000581,威孚高科,18.05,18.31,-1.42,11745002.0,212221521.1
000582,北部湾港,11.12,10.89,2.11,35684540.0,395552103.74
000586,汇源通信,13.77,14.41,-4.44,24579338.0,342113626.26
000589,贵州轮胎,4.37,4.33,0.92,23763196.0,103354892.16
000590,古汉医药,9.58,9.34,2.57,5428300.0,51606135.0
000591,太阳能,4.33,4.32,0.23,30054647.0,129821426.96
000592,平潭发展,7.01,6.81,2.94,377040709.0,2635200221.08
000593,德龙汇能,22.63,22.89,-1.14,17100222.0,395496104.77
000595,新能股份,5.73,5.75,-0.35,28606546.0,165087471.72
000596,古井贡酒,93.9,92.17,1.88,3826922.0,354684621.31
000597,东北制药,5.05,5.12,-1.37,15551139.0,78833412.77
000598,兴蓉环境,7.2,7.15,0.7,17301387.0,124673564.77
000599,青岛双星,4.77,4.73,0.85,6869881.0,32617241.78
000600,建投能源,8.0,7.97,0.38,17738351.0,141333238.6
000601,韶能股份,6.18,6.26,-1.28,25194788.0,155775044.7
000603,盛达资源,38.59,37.98,1.61,67779247.0,2577448318.42
000605,渤海股份,5.99,5.91,1.35,3428140.0,20462938.2
000607,华媒控股,3.7,3.67,0.82,10173750.0,37559428.0
000608,阳光股份,7.39,7.4,-0.14,27806280.0,208523710.2
000609,*ST中迪,10.05,10.2,-1.47,5313600.0,53693894.0
000610,*ST西旅,6.83,6.64,2.86,10939900.0,74677171.0
000612,焦作万方,11.46,11.27,1.69,39964959.0,453698960.99
000615,*ST美谷,3.3,3.31,-0.3,5067610.0,16693791.1
000617,中油资本,7.4,7.49,-1.2,111515622.0,828638276.02
000619,海螺新材,5.03,4.94,1.82,5674800.0,28350090.0
000620,盈新发展,3.38,3.45,-2.03,303028239.0,1031213060.04
000623,吉林敖东,18.62,18.68,-0.32,11005605.0,204248208.2
000625,长安汽车,7.1,7.1,0.0,29941927.0,212667098.71
000626,远大控股,9.41,8.55,10.06,29624954.0,271272589.14
000628,高新发展,48.12,47.07,2.23,11347158.0,547282019.26
000629,钒钛股份,3.11,3.09,0.65,93271194.0,288733715.72
000630,铜陵有色,6.76,6.76,0.0,321118938.0,2164853324.82
000631,顺发恒能,2.98,2.94,1.36,11883153.0,35349374.37
000632,ST三木,4.39,4.27,2.81,26042407.0,112160293.95
000633,合金投资,5.43,5.39,0.74,5257600.0,28428138.0
000635,英 力 特,0.0,6.56,-100.0,0.0,0.0
000636,风华高科,55.45,54.11,2.48,162462608.0,9086726733.0
000637,茂化实华,4.27,4.14,3.14,12098947.0,51331180.69
000639,ST西王,1.75,1.73,1.16,51520228.0,90690122.0
000650,仁和药业,5.57,5.54,0.54,23918224.0,132387362.78
000651,格力电器,39.0,39.27,-0.69,49487325.0,1919618302.4
000652,泰达股份,3.54,3.52,0.57,12410700.0,43792269.0
000655,金岭矿业,7.55,7.35,2.72,12097240.0,90012030.38
000656,金科股份,1.29,1.29,0.0,327091547.0,415401781.33
000657,中钨高新,66.76,67.54,-1.15,84019512.0,5665503809.41
000659,珠海中富,2.94,2.87,2.44,29450448.0,85962777.08
000661,长春高新,75.92,77.04,-1.45,4467408.0,340198369.73
000663,永安林业,5.99,5.8,3.28,11398000.0,67646373.0
000665,湖北广电,3.94,3.93,0.25,11863340.0,46668995.0
000668,荣丰控股,22.7,22.66,0.18,3249100.0,73640896.0
000669,ST金鸿,4.26,4.11,3.65,7996000.0,33583017.5
000670,盈方微,6.99,7.04,-0.71,35187500.0,248876083.0
000672,上峰材料,14.39,14.51,-0.83,12901083.0,186520266.47
000676,智度股份,6.67,6.7,-0.45,60016896.0,403076662.53
000677,ST海龙,1.85,1.86,-0.54,46732885.0,85978587.05
000678,襄阳轴承,8.86,8.98,-1.34,10761401.0,95859743.84
000679,大连友谊,6.31,6.34,-0.47,4776700.0,30277779.0
000680,山推股份,10.38,10.4,-0.19,16608597.0,171295726.58
000681,视觉中国,16.53,16.45,0.49,23076298.0,385110415.92
000682,东方电子,11.53,11.64,-0.95,9943364.0,114779663.48
000683,博源化工,6.36,6.22,2.25,88027838.0,552451887.38
000685,中山公用,11.42,11.33,0.79,15231578.0,173571470.76
000686,东北证券,8.14,8.14,0.0,19463882.0,157773953.2
000688,国城矿业,31.5,31.01,1.58,22269894.0,696765895.8
000690,宝新能源,4.9,4.91,-0.2,36726149.0,179625884.59
000691,亚太实业,10.14,10.56,-3.98,10355150.0,106588243.0
000692,惠天热电,4.35,4.38,-0.68,14484900.0,62854077.0
000695,滨海能源,14.87,15.16,-1.91,9744300.0,146187294.0
000697,炼石航空,8.55,8.47,0.94,5820646.0,49770811.29
000698,ST沈化,3.65,3.61,1.11,3601955.0,13020599.55
000700,模塑科技,11.21,11.68,-4.02,40412335.0,459134590.8
000701,厦门信达,5.16,5.1,1.18,13383800.0,68831342.0
000702,正虹科技,5.75,5.6,2.68,6316792.0,35918088.08
000703,恒逸石化,19.49,19.2,1.51,93911707.0,1821312529.62
000705,浙江震元,7.21,7.21,0.0,3901900.0,28146690.0
000707,双环科技,4.73,4.64,1.94,8168856.0,38362515.64
000708,中信特钢,13.96,13.95,0.07,9320602.0,129890564.84
000709,河钢股份,2.15,2.13,0.94,88988568.0,190260376.09
000710,贝瑞基因,9.03,9.39,-3.83,30048451.0,273053905.02
000711,ST京蓝,0.0,6.25,-100.0,0.0,0.0
000712,锦龙股份,11.8,10.73,9.97,15156375.0,178845225.0
000713,国投丰乐,6.69,6.44,3.88,43482529.0,289665479.53
000715,中兴商业,5.72,5.68,0.7,13254249.0,75744253.41
000716,黑芝麻,5.67,5.15,10.1,76317090.0,419217192.4
000717,中南股份,2.34,2.27,3.08,38175200.0,88713628.0
000718,苏宁环球,1.98,1.94,2.06,30130687.0,59342279.39
000719,中原传媒,11.6,11.61,-0.09,3096130.0,35950922.7
000720,新能泰山,3.91,3.91,0.0,38747000.0,151178049.03
000721,西安饮食,6.95,6.88,1.02,18443400.0,128022182.0
000722,湖南发展,13.02,12.94,0.62,9612883.0,124468781.03
000723,美锦能源,3.95,3.9,1.28,117430717.0,461560131.48
000725,京东方Ａ,5.92,5.94,-0.34,1033863610.0,6122550807.11
000726,鲁 泰Ａ,6.02,5.97,0.84,5916134.0,35527867.68
000727,冠捷科技,2.31,2.28,1.32,65926250.0,151861164.5
000728,国元证券,7.7,7.72,-0.26,37858968.0,291110953.02
000729,燕京啤酒,11.55,11.48,0.61,14417503.0,165496091.86
000731,四川美丰,6.53,6.25,4.48,19583160.0,126583856.87
000733,振华科技,40.96,41.09,-0.32,14266558.0,590923712.93
000735,罗 牛 山,5.86,5.74,2.09,67931618.0,395176509.27
000736,中交发展,4.68,4.51,3.77,25866989.0,120254650.04
000737,北方铜业,15.37,15.31,0.39,104831009.0,1596296849.38
000738,航发控制,18.68,18.72,-0.21,16943404.0,318842961.94
000739,普洛药业,21.33,21.54,-0.97,14413863.0,312518740.34
000750,国海证券,3.85,3.87,-0.52,48271765.0,185692594.8
000751,锌业股份,5.3,5.31,-0.19,93610379.0,490677929.22
000752,*ST西发,8.71,8.82,-1.25,1355900.0,11816485.0
000753,漳州发展,4.94,4.92,0.41,17153700.0,84488458.0
000755,山西高速,4.83,4.76,1.47,4855450.0,23399355.56
000756,新华制药,13.43,13.45,-0.15,6044904.0,81031890.76
000757,浩物股份,4.52,4.56,-0.88,6224400.0,28196952.0
000758,中色股份,6.52,6.32,3.16,66437101.0,428957732.82
000759,中百集团,6.3,6.1,3.28,64651800.0,401608941.0
000761,本钢板材,2.41,2.39,0.84,19640339.0,47255381.42
000762,西藏矿业,23.63,23.0,2.74,19272880.0,450972459.41
000766,通化金马,16.61,16.38,1.4,9219775.0,152170199.23
000767,晋控电力,3.45,3.47,-0.58,60924677.0,210034473.95
000768,中航西飞,21.72,21.2,2.45,38247253.0,829139612.34
000776,广发证券,21.43,21.59,-0.74,42294368.0,906801695.5
000777,中核科技,17.23,17.23,0.0,4620717.0,79617794.03
000778,新兴铸管,3.71,3.65,1.64,53816709.0,198379937.91
000779,甘咨询,9.63,9.62,0.1,56908208.0,549803697.61
000782,恒申新材,8.0,7.99,0.13,25005510.0,200699603.4
000783,长江证券,9.21,9.32,-1.18,120176533.0,1112671372.26
000785,居然智家,2.29,2.25,1.78,53385500.0,121565059.03
000786,北新建材,17.7,17.68,0.11,17629504.0,311884862.25
000788,北大医药,5.78,5.76,0.35,19596600.0,112934799.0
000789,万年青,4.23,4.18,1.2,4663435.0,19655998.41
000790,华神科技,4.21,4.22,-0.24,12952974.0,54446176.19
000791,甘肃能源,7.24,7.31,-0.96,14287732.0,103526995.0
000792,盐湖股份,28.38,28.21,0.6,63836089.0,1800291537.51
000793,ST华闻,2.13,2.14,-0.47,12299900.0,26168668.0
000795,英洛华,8.76,8.79,-0.34,15167834.0,132951026.92
000796,凯撒旅业,4.32,4.25,1.65,97487148.0,417685767.63
000797,中国武夷,2.51,2.45,2.45,31455785.0,78313121.43
000798,中水渔业,10.12,9.2,10.0,31978863.0,312754415.68
000799,酒鬼酒,39.21,39.09,0.31,5442057.0,213648732.06
000800,一汽解放,6.22,6.23,-0.16,12943526.0,79977777.18
000801,四川九洲,11.78,11.82,-0.34,8773675.0,103575831.35
000802,北京文化,3.97,3.95,0.51,91024430.0,363964793.9
000803,山高环能,7.53,7.4,1.76,11786096.0,89037501.88
000807,云铝股份,27.23,26.69,2.02,90738288.0,2456899409.04
000809,和展能源,3.43,3.43,0.0,8940700.0,30764187.0
000810,创维数字,9.73,9.74,-0.1,15768276.0,154170370.84
000811,冰轮环境,40.1,42.94,-6.61,45989592.0,1892631463.83
000812,陕西金叶,3.68,3.62,1.66,14061550.0,51534076.0
000813,德展健康,3.47,3.39,2.36,33740101.0,116016394.45
000815,美利云,16.32,16.63,-1.86,66010223.0,1098044800.7
000816,智慧农业,3.06,3.04,0.66,112494809.0,339055609.27
000818,航锦科技,12.41,12.36,0.4,15864089.0,197002881.33
000819,岳阳兴长,12.33,12.15,1.48,4524148.0,55697130.26
000820,神雾节能,3.63,3.62,0.28,14941282.0,54136519.84
000821,ST京机,7.33,7.31,0.27,5196500.0,38050403.0
000822,山东海化,4.55,4.43,2.71,15935919.0,71677882.22
000823,超声电子,15.37,15.7,-2.1,48370095.0,755423839.49
000825,太钢不锈,3.6,3.58,0.56,38768399.0,139090512.44
000826,*ST启环,1.93,1.91,1.05,15125200.0,28818393.0
000828,东莞控股,10.22,10.33,-1.06,8380074.0,85614390.69
000829,天音控股,8.76,8.71,0.57,22269805.0,194905009.05
000830,鲁西化工,12.94,12.46,3.85,56685327.0,725948776.09
000831,中国稀土,60.18,60.81,-1.04,26465343.0,1604010066.79
000833,粤桂股份,21.5,21.24,1.22,20554097.0,438595367.9
000837,秦川机床,10.12,10.14,-0.2,11719529.0,118623755.32
000838,*ST发展,2.98,2.95,1.02,24632800.0,72870999.0
000839,国安股份,2.81,2.81,0.0,87346100.0,249515727.0
000848,承德露露,8.67,8.5,2.0,14176158.0,121595855.92
000850,华茂股份,4.43,4.45,-0.45,9214690.0,40685334.9
000852,石化机械,5.49,5.44,0.92,15250404.0,83334910.55
000856,冀东装备,8.91,8.6,3.6,8354200.0,73415450.0
000858,五 粮 液,71.51,71.12,0.55,23036495.0,1643217892.52
000859,国风新材,9.05,8.89,1.8,56067883.0,510591404.35
000860,顺鑫农业,10.64,10.5,1.33,6394384.0,67604779.0
000862,银星能源,5.29,5.27,0.38,10537700.0,55487945.0
000863,三湘印象,4.29,4.32,-0.69,16556024.0,71358917.44
000868,安凯客车,3.58,3.55,0.85,9097678.0,32570284.16
000869,张 裕Ａ,16.13,16.12,0.06,1295800.0,20899050.0
000875,电投绿能,4.96,4.9,1.22,26905300.0,132878336.0
000876,新 希 望,7.17,7.07,1.41,41257742.0,293896298.04
000877,天山股份,3.82,3.76,1.6,15555382.0,59132427.56
000878,云南铜业,17.85,17.15,4.08,108206323.0,1921085182.34
000880,潍柴重机,23.64,23.48,0.68,11790402.0,281793666.38
000881,中广核技,6.65,6.57,1.22,7903003.0,52317271.9
000882,华联股份,1.52,1.49,2.01,51463001.0,77474098.48
000883,湖北能源,4.58,4.61,-0.65,17316692.0,79012905.86
000885,城发环境,12.27,12.3,-0.24,2972708.0,36423370.03
000886,海南高速,4.86,4.75,2.32,24868400.0,120704726.0
000887,中鼎股份,20.95,21.04,-0.43,35370124.0,754580604.74
000888,峨眉山Ａ,10.32,9.94,3.82,17934746.0,182503254.0
000889,中嘉博创,4.02,4.04,-0.5,32984116.0,132574173.36
000890,法尔胜,8.6,8.78,-2.05,125999971.0,1125328274.07
000892,欢瑞世纪,3.91,3.79,3.17,66073200.0,257764501.0
000893,亚钾国际,48.8,48.28,1.08,17857397.0,859322465.13
000895,双汇发展,24.87,24.94,-0.28,6875045.0,170613231.86
000897,津滨发展,1.86,1.82,2.2,30753379.0,56674140.58
000898,鞍钢股份,2.11,2.06,2.43,57891141.0,121078362.15
000899,赣能股份,9.65,9.68,-0.31,5735703.0,55364631.98
000900,现代投资,3.71,3.74,-0.8,17506111.0,64513390.42
000901,航天科技,13.8,13.85,-0.36,8581410.0,118641148.9
000902,新洋丰,14.59,14.39,1.39,25582643.0,370178487.96
000903,ST云动,1.89,1.9,-0.53,14351098.0,27107059.22
000905,厦门港务,8.97,8.88,1.01,13181768.0,117805368.35
000906,浙商中拓,5.78,5.69,1.58,15825800.0,91301790.0
000908,石药景峰,6.52,6.65,-1.95,13203192.0,86142569.76
000909,*ST数源,4.49,4.19,7.16,6601455.0,28821932.85
000910,大亚圣象,5.51,5.42,1.66,5552800.0,30460268.0
000911,*ST广糖,5.34,5.22,2.3,11592446.0,62060478.8
000912,泸天化,4.36,3.96,10.1,112857060.0,474238106.87
000913,钱江摩托,11.52,11.58,-0.52,6283201.0,72502891.61
000915,华特达因,25.04,24.87,0.68,2470557.0,61664733.57
000917,电广传媒,7.05,7.12,-0.98,17359800.0,122549448.0
000919,金陵药业,6.85,6.82,0.44,14421890.0,98870440.3
000920,沃顿科技,11.59,11.53,0.52,6347300.0,73564217.0
000921,海信家电,26.51,26.13,1.45,6938496.0,182707846.88
000922,佳电股份,12.18,12.1,0.66,12748845.0,154501658.42
000923,河钢资源,16.7,16.17,3.28,19973932.0,330532781.56
000925,众合科技,9.38,8.53,9.96,83196709.0,740286666.65
000926,福星股份,2.3,2.21,4.07,55226428.0,126242683.36
000927,中国铁物,2.52,2.5,0.8,52205671.0,130560275.19
000928,中钢国际,5.31,5.16,2.91,30123751.0,159263786.26
000929,兰州黄河,9.24,9.02,2.44,2228900.0,20459225.0
000930,中粮科技,5.14,5.08,1.18,30626850.0,155867247.3
000931,中 关 村,5.28,5.7,-7.37,133126449.0,708824829.97
000932,华菱钢铁,3.77,3.72,1.34,96282520.0,361228272.05
000933,神火股份,27.59,26.92,2.49,50315631.0,1373505392.93
000935,四川双马,23.39,23.16,0.99,3487851.0,81530094.32
000936,华西股份,5.71,5.74,-0.52,28475621.0,162635062.67
000937,冀中能源,5.27,5.14,2.53,56317898.0,294602111.55
000938,紫光股份,35.89,36.43,-1.48,164113404.0,6015098244.51
000948,南天信息,14.31,14.35,-0.28,14439883.0,210105096.53
000949,新乡化纤,7.38,7.23,2.07,55979758.0,409427605.26
000950,重药控股,5.58,5.54,0.72,26336626.0,146511074.91
000951,中国重汽,21.88,22.39,-2.28,41144705.0,904986023.33
000952,广济药业,6.6,6.65,-0.75,5040004.0,33356360.36
000953,中哲精化,6.28,6.08,3.29,9260301.0,57571880.06
000955,欣龙控股,4.29,4.28,0.23,6719442.0,28874093.76
000957,中通客车,10.22,10.28,-0.58,9305694.0,95469134.5
000958,电投产融,5.31,5.34,-0.56,10177800.0,54015679.0
000959,首钢股份,3.71,3.58,3.63,63977856.0,236820545.75
000960,锡业股份,36.27,36.12,0.42,35112656.0,1272343535.95
000962,东方钽业,57.72,57.55,0.3,39512441.0,2303486658.27
000963,华东医药,27.66,27.68,-0.07,10818231.0,299041244.13
000965,天保基建,3.29,3.21,2.49,20769852.0,67920620.08
000966,长源电力,4.06,4.04,0.5,27406400.0,110789196.0
000967,盈峰环境,8.33,8.63,-3.48,88226079.0,743434475.97
000968,蓝焰控股,7.39,7.24,2.07,26845302.0,197900922.01
000969,安泰科技,17.31,17.15,0.93,20655867.0,357756574.19
000970,中科三环,12.18,12.15,0.25,28723863.0,349568594.56
000972,中基健康,3.83,3.72,2.96,20242699.0,77298144.28
000973,佛塑科技,13.52,13.79,-1.96,39369950.0,536638193.2
000975,山金国际,27.31,27.4,-0.33,42489842.0,1151778448.41
000977,浪潮信息,77.44,78.27,-1.06,51185716.0,4007312550.91
000978,桂林旅游,6.16,6.12,0.65,7045560.0,43453651.6
000980,众泰汽车,1.7,1.69,0.59,98547262.0,166745138.78
000981,山子高科,2.7,2.73,-1.1,149412478.0,403513548.87
000983,山西焦煤,7.42,7.54,-1.59,68854014.0,510487594.91
000985,大庆华科,16.72,16.52,1.21,5582250.0,95305265.0
000987,越秀资本,7.77,7.78,-0.13,25938416.0,200728709.97
000988,华工科技,102.93,104.9,-1.88,45689477.0,4808850912.23
000989,九芝堂,9.14,9.14,0.0,19623757.0,178781663.85
000990,诚志股份,6.68,6.49,2.93,52447744.0,347607483.28
000993,闽东电力,9.92,9.91,0.1,3650038.0,36166785.68
000995,皇台酒业,11.21,11.02,1.72,6417600.0,71465377.0
000997,新 大 陆,20.51,20.88,-1.77,34740087.0,718445874.18
000998,隆平高科,9.25,9.1,1.65,67070036.0,620376382.98
000999,华润三九,24.39,24.64,-1.01,6226884.0,152041020.93
001201,东瑞股份,12.37,12.2,1.39,2846904.0,34918922.72
001202,炬申股份,14.36,13.83,3.83,5162180.0,73151278.29
001203,大中矿业,28.28,27.58,2.54,19284808.0,541137156.54
001205,盛航股份,14.41,14.4,0.07,2351400.0,34016552.0
001206,依依股份,16.48,16.31,1.04,3026696.0,49711462.36
001207,联科科技,16.9,16.88,0.12,2817260.0,47457824.2
001208,华菱线缆,13.87,13.85,0.14,7641631.0,106156402.9
001209,洪兴股份,18.22,17.54,3.88,2987400.0,53834051.0
001210,金房能源,28.35,28.33,0.07,6741207.0,190927213.19
001211,双枪科技,23.43,23.35,0.34,2466393.0,58255220.93
001212,中旗新材,33.71,34.22,-1.49,2915158.0,99075929.49
001213,中铁特货,3.57,3.57,0.0,8298750.0,29550625.5
001215,千味央厨,31.5,31.2,0.96,1169811.0,37067543.49
001216,华瓷股份,14.96,14.64,2.19,2899449.0,43151075.1
001217,华尔泰,10.43,10.2,2.25,4242600.0,43898185.0
001218,丽臣实业,24.39,24.17,0.91,1335080.0,32473413.8
001219,青岛食品,12.73,12.65,0.63,1641340.0,20857698.5
001220,世盟股份,32.0,31.6,1.27,759543.0,24171625.17
001221,悍高集团,37.52,38.25,-1.91,2304498.0,86772059.65
001222,源飞宠物,14.42,14.3,0.84,4403075.0,62494111.8
001223,欧克科技,39.41,40.74,-3.26,1748024.0,70401033.88
001225,和泰机电,46.85,47.1,-0.53,1144100.0,53169500.0
001226,拓山重工,45.91,45.66,0.55,601220.0,27651204.0
001227,兰州银行,2.15,2.14,0.47,67079999.0,143729310.86
001228,永泰运,29.33,28.46,3.06,3257066.0,95434031.44
001229,魅视科技,40.08,40.72,-1.57,3926748.0,158979040.76
001230,劲旅环境,22.56,22.38,0.8,8226132.0,185739848.2
001231,农心科技,22.09,21.62,2.17,2105400.0,46097843.0
001232,嘉立创,175.01,162.03,8.01,13931195.0,2405495498.91
001233,海安集团,45.74,45.57,0.37,1261489.0,57776039.24
001234,泰慕士,23.04,22.75,1.27,1462400.0,33606738.0
001236,弘业期货,8.04,8.21,-2.07,19883010.0,160132896.67
001237,惠康科技,51.91,53.01,-2.08,1576118.0,81927102.96
001238,浙江正特,24.52,24.02,2.08,667880.0,16325020.84
001239,永达股份,12.13,12.07,0.5,1090001.0,13162475.05
001248,华润新能,12.38,12.34,0.32,54901514.0,679135182.48
001255,博菲电气,27.0,26.31,2.62,1379129.0,37038999.75
001256,炜冈科技,22.89,22.55,1.51,4139401.0,94778458.79
001257,盛龙股份,25.87,26.3,-1.63,13169528.0,341655880.88
001258,立新能源,13.3,13.76,-3.34,119748140.0,1610359393.8
001259,利仁科技,45.85,46.37,-1.12,848457.0,39318681.39
001260,坤泰股份,18.12,18.2,-0.44,2267700.0,41166497.0
001266,宏英智能,34.65,34.9,-0.72,2020583.0,70241807.72
001267,汇绿生态,39.0,40.13,-2.82,40769708.0,1649670925.74
001268,联合精密,25.81,25.95,-0.54,10135433.0,260335073.03
001269,欧晶科技,19.5,19.05,2.36,2343220.0,45541437.2
001270,铖昌科技,99.7,102.96,-3.17,5968610.0,602308149.12
001277,速达股份,30.03,31.59,-4.94,6383053.0,194433281.96
001278,一彬科技,16.25,16.12,0.81,1728673.0,28120144.71
001279,强邦新材,25.39,25.48,-0.35,664000.0,16911564.0
001280,中国铀业,68.53,70.48,-2.77,7526554.0,519691867.74
001282,三联锻造,15.46,15.44,0.13,1336432.0,20671734.72
001283,豪鹏科技,46.06,45.84,0.48,2644435.0,122052114.9
001285,瑞立科密,44.5,45.23,-1.61,2432301.0,109516859.47
001286,陕西能源,9.64,9.61,0.31,16189756.0,155512920.77
001287,中电港,22.92,22.96,-0.17,19206475.0,443679035.45
001288,运机集团,28.46,25.87,10.01,16769719.0,471582368.74
001289,龙源电力,15.3,15.67,-2.36,8530231.0,130561136.78
001296,长江材料,19.97,19.69,1.42,3480049.0,69400675.48
001298,好上好,17.8,18.07,-1.49,8745218.0,156688984.73
001299,美能能源,9.78,9.48,3.16,9374582.0,90932436.51
001300,三柏硕,11.5,11.52,-0.17,3067634.0,35223778.0
001301,尚太科技,58.85,60.55,-2.81,5073449.0,301842305.28
001306,夏厦精密,53.28,53.89,-1.13,323100.0,17331116.0
001308,康冠科技,18.09,18.13,-0.22,1489145.0,27021489.75
001309,德明利,429.03,429.76,-0.17,19181786.0,8388900620.64
001311,多利科技,17.33,17.39,-0.35,3860560.0,66947193.0
001312,福恩股份,17.61,17.6,0.06,1079100.0,19002470.0
001313,粤海饲料,8.19,8.01,2.25,18570000.0,151134640.0
001314,亿道信息,50.55,52.12,-3.01,3316900.0,170261063.0
001316,润贝航科,26.86,26.06,3.07,3306540.0,88353663.0
001317,三羊马,52.52,52.83,-0.59,2761300.0,145216181.0
001318,阳光乳业,11.76,11.48,2.44,6875900.0,80616556.0
001319,铭科精技,19.85,19.66,0.97,1858600.0,36782502.0
001322,箭牌家居,6.65,6.4,3.91,8868400.0,58420963.0
001323,慕思股份,18.94,18.85,0.48,1641946.0,31051836.32
001324,长青科技,20.05,19.36,3.56,8901751.0,175240607.89
001325,元创股份,39.85,40.78,-2.28,2031628.0,81025039.65
001326,联域股份,68.26,69.55,-1.85,1543499.0,105898494.49
001328,登康口腔,28.44,28.46,-0.07,1100600.0,31510197.0
001330,博纳影业,5.1,5.11,-0.2,39462900.0,201209350.0
001331,胜通能源,43.26,44.09,-1.88,4969495.0,218103416.95
001332,锡装股份,28.1,27.75,1.26,2344881.0,66205000.89
001333,光华股份,21.04,20.64,1.94,2026900.0,42405659.0
001335,信凯科技,32.49,32.35,0.43,594300.0,19376870.0
001336,楚环科技,19.03,18.8,1.22,1273153.0,24140457.82
001337,四川黄金,54.98,53.9,2.0,24429569.0,1330464785.48
001338,永顺泰,9.21,9.03,1.99,14443721.0,132199403.99
001339,智微智能,77.23,80.51,-4.07,6441138.0,506846363.23
001356,富岭股份,9.19,9.14,0.55,5313674.0,48833381.42
001358,兴欣新材,25.48,25.29,0.75,2171200.0,55385795.0
001359,平安电工,88.33,90.75,-2.67,3720215.0,339204668.76
001360,南矿集团,19.15,18.68,2.52,6448500.0,122268771.0
001365,天海电子,34.83,35.15,-0.91,2481015.0,86761910.31
001366,播恩集团,12.79,12.73,0.47,4611345.0,58759783.55
001367,海森药业,20.7,20.35,1.72,2847235.0,58551893.88
001368,通达创智,23.25,22.73,2.29,1138600.0,26274386.0
001369,双欣材料,12.45,12.57,-0.95,7319281.0,91060441.99
001373,翔腾新材,28.69,28.82,-0.45,1138000.0,32770581.0
001376,百通能源,11.58,10.53,9.97,22290218.0,250299088.21
001378,德冠新材,20.48,20.37,0.54,3296139.0,67820281.24
001379,腾达科技,16.07,15.86,1.32,1307316.0,20913674.84
001380,华纬科技,17.43,17.59,-0.91,1503951.0,26281613.91
001382,新亚电缆,16.47,16.66,-1.14,2085800.0,34426109.53
001386,马可波罗,16.3,16.1,1.24,6118310.0,99297177.55
001387,雪祺电气,12.24,12.14,0.82,2418660.0,29507993.06
001388,信通电子,21.39,21.36,0.14,3513227.0,75046953.1
001389,广合科技,155.9,157.95,-1.3,5110082.0,813430180.8
001390,古麒绒材,16.98,17.15,-0.99,2424000.0,41519324.0
001391,国货航,4.11,4.09,0.49,24755640.0,101710731.9
001393,维通利,41.83,42.26,-1.02,1486565.0,62672537.02
001395,亚联机械,29.18,29.1,0.27,1195640.0,34789789.66
001396,誉帆科技,34.2,34.58,-1.1,777212.0,26751210.53
001399,惠科股份,22.82,23.39,-2.44,24779572.0,570375007.71
001400,江顺科技,79.68,81.58,-2.33,2720498.0,219886841.7
001696,宗申动力,15.14,15.22,-0.53,31626801.0,479799725.91
001872,招商港口,22.7,22.7,0.0,2258300.0,51318428.0
001896,豫能控股,12.14,12.26,-0.98,35464874.0,432835627.62
001914,招商积余,8.87,8.69,2.07,9308332.0,82220093.29
001965,招商公路,9.76,9.6,1.67,12842787.0,125049634.95
001979,招商蛇口,7.16,7.18,-0.28,146401142.0,1060205806.05
002001,新 和 成,27.14,26.96,0.67,25898722.0,699381815.3
002003,伟星股份,12.05,11.73,2.73,20410900.0,243412395.38
002004,华邦健康,4.55,4.56,-0.22,19837538.0,90085413.76
002005,德豪润达,2.42,2.4,0.83,10344801.0,24968535.4
002006,精工科技,13.44,13.37,0.52,3788630.0,50963823.8
002007,华兰生物,13.15,13.28,-0.98,6954011.0,91411523.47
002008,大族激光,87.62,90.0,-2.64,25175962.0,2239803499.71
002009,天奇股份,16.47,16.67,-1.2,6849308.0,113398281.44
002010,传化智联,4.72,4.74,-0.42,19459718.0,91437650.96
002011,盾安环境,10.15,10.29,-1.36,9353183.0,95198226.28
002012,凯恩股份,7.15,6.99,2.29,13091200.0,93009901.99
002014,永新股份,11.25,11.18,0.63,3840800.0,43207710.0
002015,协鑫能科,16.01,16.72,-4.25,126104499.0,2047280400.07
002016,世荣兆业,4.75,4.65,2.15,10577487.0,49982753.26
002017,东信和平,16.19,16.75,-3.34,53322203.0,876668370.47
002019,亿帆医药,10.03,10.1,-0.69,5869300.0,58939726.0
002020,京新药业,13.06,13.25,-1.43,7752014.0,101749588.38
002021,中捷资源,2.72,2.71,0.37,16081837.0,43638487.03
002022,科华生物,5.75,5.72,0.52,5967389.0,34257256.52
002023,海特高新,9.97,10.06,-0.89,10014581.0,100489851.14
002024,ST易购,1.2,1.19,0.84,19405500.0,23294836.0
002025,航天电器,62.35,62.81,-0.73,10201504.0,640987527.23
002026,山东威达,12.71,12.36,2.83,32458931.0,410317681.88
002027,分众传媒,4.97,4.94,0.61,87641024.0,434460137.64
002028,思源电气,143.18,153.44,-6.69,44622245.0,6323920955.01
002029,七 匹 狼,8.71,8.74,-0.34,9015170.0,78299472.3
002030,达安基因,5.63,5.62,0.18,17686249.0,99516816.93
002031,巨轮智能,5.19,5.23,-0.76,62472725.0,324599244.76
002032,苏 泊 尔,40.3,40.45,-0.37,1519106.0,61162790.7
002033,丽江股份,9.18,9.13,0.55,17248220.0,158182001.8
002034,旺能环境,14.63,14.47,1.11,8101703.0,118474301.03
002035,华帝股份,4.68,4.66,0.43,18112960.0,84314456.2
002036,联创电子,6.78,6.8,-0.29,24265441.0,165105253.21
002037,保利联合,6.99,6.94,0.72,4257214.0,29655931.16
002038,双鹭药业,6.28,6.56,-4.27,55013161.0,348724691.8
002039,黔源电力,19.31,19.28,0.16,3246090.0,62493992.2
002040,南 京 港,8.77,8.64,1.5,15734792.0,136622682.58
002041,登海种业,11.2,11.23,-0.27,101118881.0,1144691819.69
002042,华孚时尚,4.01,3.92,2.3,71250064.0,278887196.61
002043,兔 宝 宝,13.1,13.0,0.77,8087611.0,105556780.48
002044,美年健康,4.71,4.69,0.43,65653432.0,309050376.32
002045,国光电器,9.1,8.96,1.56,49539301.0,458124183.92
002046,国机精工,52.46,52.45,0.02,11630652.0,619152156.18
002047,宝鹰股份,3.5,3.54,-1.13,45691552.0,160544791.04
002048,宁波华翔,18.86,19.02,-0.84,11182670.0,211915303.9
002049,紫光国微,62.78,63.25,-0.74,12763719.0,804305535.45
002050,三花智控,36.17,36.82,-1.77,40207313.0,1464952421.75
002051,中工国际,8.69,8.62,0.81,23934583.0,207172965.83
002052,同洲电子,8.88,8.85,0.34,14542200.0,129071433.6
002053,云南能投,9.45,9.36,0.96,7115396.0,67089036.36
002054,德美化工,7.43,7.33,1.36,10039976.0,74048604.92
002055,ST得润,6.22,6.24,-0.32,6986500.0,43440287.0
002056,横店东磁,21.3,21.62,-1.48,15134206.0,324838425.31
002057,中钢天源,9.11,8.99,1.33,18586777.0,167746619.14
002058,紫竹高科,17.03,16.78,1.49,4915300.0,85506877.98
002059,云南旅游,4.68,4.6,1.74,10425700.0,48609615.0
002060,广东建工,3.26,3.21,1.56,15316994.0,49681638.26
002061,浙江交科,3.54,3.54,0.0,17311020.0,61150072.0
002062,宏润建设,7.89,8.04,-1.87,14436388.0,114794129.08
002063,远光软件,5.43,5.4,0.56,19567928.0,106506226.8
002064,华峰化学,11.89,11.62,2.32,55274374.0,649220763.16
002065,东华软件,6.94,6.94,0.0,41240410.0,288930690.76
002066,瑞泰科技,22.31,22.63,-1.41,2556700.0,57951020.0
002067,景兴纸业,4.24,4.18,1.44,43808236.0,186034017.2
002068,黑猫股份,8.05,8.03,0.25,19256900.0,155034246.0
002069,獐子岛,3.77,3.65,3.29,18548082.0,69050930.64
002072,凯瑞德,9.31,8.9,4.61,68108523.0,613289579.52
002073,软控股份,5.92,5.95,-0.5,19210542.0,113600215.06
002074,国轩高科,27.24,27.69,-1.63,21149703.0,577965830.29
002075,沙钢股份,3.76,3.71,1.35,28450648.0,106352227.1
002076,星光股份,2.14,2.12,0.94,26308700.0,56352292.0
002077,大港股份,12.4,12.48,-0.64,18149639.0,226446091.39
002078,太阳纸业,14.71,14.89,-1.21,28093200.0,413754478.86
002079,苏州固锝,9.35,9.46,-1.16,24798272.0,233458378.05
002080,中材科技,52.41,52.48,-0.13,45404107.0,2408059511.33
002081,金 螳 螂,5.6,5.69,-1.58,331222518.0,1859666708.99
002082,ST万邦,9.63,9.77,-1.43,10428600.0,100693752.0
002083,孚日股份,10.8,10.48,3.05,48593300.0,524628757.04
002084,海鸥住工,5.8,5.27,10.06,6724493.0,39002059.4
002085,万丰奥威,10.43,10.34,0.87,17889868.0,185760293.96
002086,东方海洋,2.18,2.19,-0.46,60380800.0,131824885.0
002088,鲁阳节能,8.11,8.17,-0.73,2872025.0,23428434.85
002090,金智科技,9.41,9.57,-1.67,7078630.0,66693517.0
002091,江苏国泰,7.87,7.84,0.38,9933413.0,78211987.67
002092,中泰化学,4.8,4.56,5.26,92566553.0,435770823.4
002093,国脉科技,6.86,6.85,0.15,5500700.0,37808665.0
002094,青岛金王,5.79,5.66,2.3,136475973.0,789496927.03
002095,生 意 宝,14.49,14.38,0.76,2190600.0,31684551.8
002096,易普力,9.72,9.4,3.4,11791400.0,113848405.0
002097,山河智能,7.32,7.27,0.69,11523426.0,84002359.8
002098,浔兴股份,7.41,7.28,1.79,3588500.0,26604616.22
002099,海翔药业,5.42,5.21,4.03,23299285.0,124487118.01
002100,天康生物,7.46,7.4,0.81,27589672.0,202510827.16
002101,广东鸿图,8.81,8.83,-0.23,3308400.0,29124852.0
002102,ST能特,2.35,2.33,0.86,10774303.0,25218996.96
002103,广博股份,6.63,6.53,1.53,6404800.0,42296983.0
002104,恒宝股份,11.66,11.82,-1.35,60808156.0,712294592.29
002105,信隆健康,6.16,6.07,1.48,5313410.0,32565675.0
002106,莱宝高科,10.43,10.52,-0.86,10441700.0,109603395.0
002107,沃华医药,7.23,6.57,10.05,31041846.0,219031210.18
002108,沧州明珠,4.46,4.45,0.22,16027304.0,71375102.84
002109,ST兴化,2.81,2.78,1.08,6224303.0,17352688.39
002110,三钢闽光,3.09,3.05,1.31,21592950.0,66422015.0
002111,威海广泰,9.75,9.41,3.61,15631438.0,152084868.57
002112,三变科技,15.16,15.34,-1.17,8829671.0,134149066.31
002114,罗平锌电,7.77,7.69,1.04,8311800.0,64217610.0
002115,三维通信,10.63,10.78,-1.39,48792964.0,523590652.84
002116,中国海诚,7.27,7.24,0.41,2171980.0,15785196.2
002117,东港股份,8.1,8.07,0.37,4992800.0,40476574.0
002119,康强电子,23.25,23.62,-1.57,32028868.0,748086967.79
002120,韵达股份,6.75,6.69,0.9,31931400.0,214410625.0
002121,科陆电子,4.96,4.91,1.02,27604626.0,135943511.48
002122,ST汇洲,2.8,2.82,-0.71,11259700.0,31631049.0
002123,梦网科技,8.08,8.11,-0.37,25606976.0,209130297.68
002124,天邦食品,2.35,2.31,1.73,65039000.0,151339797.0
002125,湘潭电化,13.03,13.18,-1.14,20160587.0,263396899.54
002126,银轮股份,40.92,42.3,-3.26,13442524.0,555756060.21
002127,南极电商,2.95,2.9,1.72,25053400.0,73392553.0
002128,电投能源,29.11,28.35,2.68,14328211.0,413843442.93
002129,TCL中环,9.82,9.19,6.86,216653025.0,2086084272.91
002130,沃尔核材,17.16,17.23,-0.41,21295991.0,366632125.68
002131,利欧股份,4.6,4.59,0.22,475920726.0,2211135263.7
002132,恒星科技,4.47,4.57,-2.19,80522704.0,362767406.99
002133,广宇集团,2.82,2.78,1.44,11714300.0,32885964.0
002134,天津普林,22.07,22.63,-2.47,16751240.0,375488195.2
002135,东南网架,6.69,6.73,-0.59,18810598.0,128258329.48
002136,安 纳 达,12.71,12.59,0.95,4127510.0,52207202.9
002137,实益达,7.7,7.66,0.52,18186700.0,140902654.0
002138,顺络电子,49.15,48.26,1.84,32076858.0,1586300227.1
002139,拓邦股份,9.58,9.64,-0.62,8032289.0,77139276.03
002140,东华科技,9.28,9.19,0.98,7461874.0,68557611.28
002141,贤丰控股,6.45,6.27,2.87,152435099.0,973082215.24
002142,宁波银行,33.86,33.75,0.33,23194614.0,783022165.88
002144,宏达高科,11.23,11.09,1.26,2154100.0,24138053.0
002145,钛能化学,4.42,4.4,0.45,31184972.0,137467090.04
002146,荣盛发展,1.19,1.17,1.71,112199401.0,132792877.21
002148,北纬科技,6.31,6.28,0.48,8274234.0,52224930.0
002149,西部材料,35.94,36.37,-1.18,15460780.0,561084673.64
002150,正泰电源,22.7,22.52,0.8,8379056.0,190460115.49
002151,北斗星通,28.96,29.22,-0.89,8943079.0,259968148.52
002152,广电运通,9.72,9.85,-1.32,21720792.0,211503682.46
002153,石基信息,7.77,7.72,0.65,25328529.0,198511431.04
002154,报 喜 鸟,4.11,4.09,0.49,19508900.0,79958472.0
002155,湖南黄金,28.92,27.02,7.03,187293533.0,5331445443.51
002156,通富微电,63.75,63.73,0.03,91780541.0,5905982857.7
002157,正邦科技,3.02,2.99,1.0,107782708.0,323723627.95
002158,汉钟精机,28.0,27.85,0.54,11804551.0,335429655.93
002159,三特索道,13.8,13.59,1.55,2715825.0,37239921.75
002160,常铝股份,4.17,4.11,1.46,21014417.0,86896193.89
002161,远 望 谷,6.85,6.38,7.37,43687500.0,293198707.0
002162,悦心健康,4.07,4.06,0.25,8197720.0,33404212.6
002163,海南发展,8.7,8.57,1.52,27434650.0,238637990.5
002164,宁波东力,10.81,10.88,-0.64,8316900.0,90265744.0
002165,红 宝 丽,8.37,7.61,9.99,120560557.0,981934906.77
002166,莱茵生物,6.92,6.9,0.29,10020500.0,68947019.0
002167,东方锆业,17.22,17.28,-0.35,56707586.0,983645328.96
002168,ST惠程,3.87,3.87,0.0,5951321.0,22877328.01
002169,智光电气,12.19,12.29,-0.81,12015112.0,146208477.0
002170,芭田股份,11.91,11.66,2.14,41189042.0,483234439.48
002171,楚江新材,10.32,10.05,2.69,81506084.0,835506387.92
002172,澳洋健康,4.5,4.72,-4.66,182628076.0,829069446.93
002173,创新医疗,18.57,18.85,-1.49,25406120.0,475383121.0
002174,游族网络,11.87,12.07,-1.66,27226120.0,324740537.85
002175,*ST东智,2.63,2.61,0.77,16393580.0,42688450.2
002176,江特电机,9.06,8.91,1.68,69085168.0,621118121.63
002177,御银股份,6.04,6.16,-1.95,40603776.0,246347814.85
002178,延华智能,4.66,4.63,0.65,11885880.0,55360769.0
002179,中航光电,35.18,35.5,-0.9,20347037.0,718938449.46
002180,奔图科技,17.07,17.41,-1.95,7111891.0,122554158.35
002181,粤 传 媒,8.42,8.42,0.0,18110718.0,152915173.73
002182,宝武镁业,12.16,12.33,-1.38,13345640.0,162396215.0
002183,怡 亚 通,4.55,4.6,-1.09,50124737.0,226334302.72
002184,海得控制,10.08,10.15,-0.69,3280700.0,33228035.0
002185,华天科技,16.92,17.18,-1.51,195253519.0,3344944282.97
002186,全 聚 德,9.56,9.44,1.27,3341400.0,31802193.0
002187,广百股份,5.66,5.5,2.91,17276400.0,97298411.0
002188,中天服务,5.62,5.55,1.26,6962010.0,38822651.6
002189,中光学,19.06,18.83,1.22,3453402.0,66150944.25
002190,成飞集成,25.99,25.52,1.84,29451569.0,767278872.51
002191,劲嘉股份,3.7,3.73,-0.8,9740300.0,36145603.0
002192,融捷股份,74.43,73.69,1.0,26249060.0,1945440410.8
002193,ST如意,5.38,4.89,10.02,12254600.0,63805109.0
002194,武汉凡谷,10.17,10.38,-2.02,24034868.0,245675021.74
002195,岩山科技,6.39,6.41,-0.31,101279045.0,651890105.19
002196,方正电机,10.49,10.6,-1.04,10934775.0,115116677.5
002197,证通电子,6.86,7.01,-2.14,18079500.0,125413220.0
002198,ST嘉应,3.48,3.47,0.29,3479900.0,12086939.0
002199,东晶电子,12.59,12.44,1.21,4548000.0,56864518.0
002200,交投生态,7.14,6.96,2.59,4976500.0,35322388.0
002201,九鼎新材,8.35,8.29,0.72,10483134.0,87521927.2
002202,金风科技,18.41,18.74,-1.76,84133515.0,1555110590.43
002203,海亮股份,19.75,20.29,-2.66,51284209.0,1009442544.06
002204,大连重工,5.25,5.21,0.77,15021993.0,78592741.6
002205,国统股份,10.75,10.65,0.94,2665500.0,28580254.0
002206,海 利 得,5.38,5.27,2.09,12395800.0,66107877.0
002207,*ST准油,5.85,5.77,1.39,5583900.0,32552070.0
002208,合肥城建,10.81,10.75,0.56,20973480.0,226850792.0
002209,达 意 隆,13.31,13.08,1.76,9161500.0,122351448.0
002210,飞马国际,2.37,2.37,0.0,62825217.0,148687753.29
002211,ST宏达,3.87,3.82,1.31,5868200.0,22640181.0
002212,天融信,6.93,6.3,10.0,109747377.0,751126814.54
002213,大为股份,30.33,31.09,-2.44,15122986.0,466930612.42
002214,大立科技,14.94,14.85,0.61,5609207.0,84438775.96
002215,诺 普 信,10.53,10.49,0.38,32458167.0,340385032.24
002216,三全食品,12.21,12.07,1.16,5051132.0,61444738.68
002217,ST合力泰,1.48,1.48,0.0,85465200.0,126910601.0
002218,拓日新能,4.04,3.98,1.51,29877181.0,120117272.19
002219,新里程,2.27,2.28,-0.44,116402583.0,264647044.48
002221,东华能源,5.86,5.64,3.9,33594507.0,195104790.37
002222,福晶科技,68.15,67.63,0.77,27808160.0,1931681303.94
002223,鱼跃医疗,26.29,26.37,-0.3,4687636.0,123131346.66
002224,三 力 士,3.76,3.72,1.08,11888900.0,44659761.0
002225,濮耐股份,3.72,3.67,1.36,13737700.0,50959879.0
002226,江南化工,5.16,5.12,0.78,16571280.0,85171107.6
002227,*ST特迅,6.71,6.48,3.55,2197300.0,14506718.0
002228,合兴包装,3.23,3.21,0.62,17316203.0,55797387.97
002229,鸿博股份,12.29,11.17,10.03,81004090.0,969490251.95
002230,科大讯飞,40.06,39.77,0.73,30192366.0,1213608172.55
002232,启明信息,14.45,14.21,1.69,5307965.0,77043301.39
002233,塔牌集团,7.36,7.37,-0.14,4517411.0,33207054.84
002234,民和股份,8.24,8.1,1.73,5431883.0,44271652.47
002235,安妮股份,8.93,8.68,2.88,37538577.0,333449982.75
002236,大华股份,16.27,16.29,-0.12,28297405.0,461989611.36
002237,恒邦股份,15.61,15.36,1.63,43343947.0,669605443.13
002238,天威视讯,6.56,6.54,0.31,6882450.0,45076065.54
002239,奥特佳,2.6,2.6,0.0,51646812.0,134140559.2
002240,盛新锂能,32.65,32.02,1.97,38155825.0,1232681385.75
002241,歌尔股份,23.51,23.89,-1.59,66733697.0,1585541551.12
002242,九阳股份,8.43,8.33,1.2,3952500.0,33148944.0
002243,力合科创,7.54,7.52,0.27,9416600.0,70764928.0
002244,滨江集团,9.01,9.26,-2.7,55519737.0,510533153.81
002245,蔚蓝锂芯,17.67,17.85,-1.01,35781174.0,637300604.77
002246,北化股份,20.16,20.02,0.7,7660351.0,154440291.38
002247,聚力文化,2.46,2.43,1.23,16295300.0,39917759.0
002248,华东数控,10.0,9.99,0.1,22780100.0,226903359.0
002249,大洋电机,6.69,6.71,-0.3,28263336.0,189025266.69
002250,联化科技,15.54,15.35,1.24,8403588.0,130050779.18
002251,步步高,3.8,3.7,2.7,88867100.0,334993522.0
002252,上海莱士,4.93,4.95,-0.4,21483600.0,105724950.0
002253,川大智胜,9.98,9.68,3.1,4428600.0,43928918.0
002254,泰和新材,12.77,12.77,0.0,14431022.0,184772146.66
002255,海陆重工,7.92,7.84,1.02,11023601.0,87629336.89
002256,兆新股份,3.44,3.44,0.0,41523300.0,142541300.64
002258,利尔化学,14.37,14.16,1.48,19104613.0,273624990.66
002259,升达林业,4.37,4.13,5.81,31558820.0,134942266.4
002261,拓维信息,25.5,25.6,-0.39,36814089.0,950678275.02
002262,恩华药业,22.04,22.02,0.09,5537600.0,121628659.0
002263,大东南,3.19,3.15,1.27,59492351.0,188986480.06
002264,新 华 都,6.71,6.52,2.91,19312726.0,129264330.45
002265,建设工业,18.66,18.56,0.54,7950098.0,148302199.45
002266,浙富控股,4.95,5.0,-1.0,65756016.0,325514147.35
002267,陕天然气,7.04,6.9,2.03,10856090.0,75744829.1
002268,电科网安,14.13,14.11,0.14,18376770.0,264288266.88
002269,美邦服饰,1.48,1.46,1.37,47440250.0,69611970.0
002270,华明装备,19.01,18.83,0.96,10513360.0,199479582.04
002271,东方雨虹,11.46,11.38,0.7,38032013.0,435604908.02
002272,川润股份,16.45,16.81,-2.14,29962433.0,499433207.17
002273,水晶光电,26.12,26.81,-2.57,44906529.0,1195990177.11
002274,华昌化工,0.0,6.47,-100.0,0.0,0.0
002275,桂林三金,12.54,12.44,0.8,3185002.0,39871091.7
002276,万马股份,10.35,10.29,0.58,10216138.0,105459265.87
002277,友阿股份,6.41,6.51,-1.54,24951400.0,161137776.14
002278,神开股份,8.3,8.23,0.85,5972045.0,49351833.25
002279,久其软件,7.05,6.41,9.98,46503092.0,323045334.64
002281,光迅科技,173.61,176.38,-1.57,24503032.0,4342977364.91
002282,博深股份,6.1,6.07,0.49,3678375.0,22444352.75
002283,天润工业,8.53,8.59,-0.7,24390337.0,209714697.98
002284,亚太股份,9.84,9.8,0.41,23993613.0,236097303.63
002285,世联行,2.33,2.22,4.95,78731646.0,181811333.36
002286,保龄宝,8.17,8.0,2.12,12803300.0,104043092.0
002287,奇正藏药,20.45,20.3,0.74,1765498.0,35957515.38
002289,宇顺电子,38.01,38.73,-1.86,3470715.0,133630925.55
002290,禾盛新材,61.99,63.25,-1.99,4767449.0,300791092.8
002291,遥望科技,5.2,5.18,0.39,19854988.0,103547008.29
002292,奥飞娱乐,8.07,8.11,-0.49,22269643.0,180075356.74
002293,罗莱生活,11.54,11.45,0.79,4633590.0,53403638.88
002294,信立泰,32.18,32.35,-0.53,8481511.0,273363864.65
002295,精艺股份,9.85,10.2,-3.43,22262916.0,216848162.68
002296,辉煌科技,9.03,8.99,0.44,6098240.0,55007293.8
002297,博云新材,18.21,18.4,-1.03,34596171.0,633310456.25
002298,中电鑫龙,8.06,8.11,-0.62,19727915.0,159011183.76
002299,圣农发展,16.68,16.68,0.0,7281700.0,120890537.0
002300,太阳电缆,6.83,6.81,0.29,12315900.0,83976107.0
002301,齐心集团,7.68,7.73,-0.65,7759499.0,59642706.35
002302,西部建设,4.83,4.78,1.05,6557848.0,31479331.4
002303,美盈森,5.17,5.08,1.77,47228647.0,246331334.75
002304,洋河股份,39.13,38.88,0.64,5103308.0,199239519.6
002305,*ST南置,2.12,2.12,0.0,16221300.0,34420429.0
002306,ST云网,2.11,2.06,2.43,6494900.0,13666342.0
002307,北新路桥,3.05,3.01,1.33,23299149.0,70681579.25
002309,中利集团,3.06,3.05,0.33,83405100.0,254380694.01
002310,东方新能,2.36,2.36,0.0,52944800.0,124797903.0
002311,海大集团,46.24,45.4,1.85,6916501.0,316854899.64
002312,川发龙蟒,8.65,8.43,2.61,28720845.0,245525820.4
002313,日海智能,8.44,8.62,-2.09,12362700.0,104777522.0
002314,南山控股,2.22,2.19,1.37,27952800.0,61943918.0
002315,焦点科技,25.43,25.31,0.47,7050122.0,180242907.21
002316,亚联发展,4.55,4.59,-0.87,11369256.0,51426335.68
002317,众生药业,25.85,26.1,-0.96,13519296.0,350171112.01
002318,久立特材,19.86,19.59,1.38,8047153.0,158686577.27
002319,乐通股份,10.74,11.0,-2.36,5943755.0,64259679.7
002320,海峡股份,6.81,6.57,3.65,78251688.0,529311979.18
002321,华英农业,2.15,2.11,1.9,35783676.0,75839452.12
002322,理工能科,12.4,12.44,-0.32,13815313.0,172526261.75
002323,*ST雅博,1.29,1.29,0.0,20573359.0,26563589.11
002324,普利特,9.65,9.2,4.89,42313147.0,406032669.8
002326,永太科技,19.09,19.0,0.47,28195526.0,539859492.9
002327,富安娜,6.36,6.3,0.95,6803275.0,42970394.94
002328,新朋股份,7.73,7.76,-0.39,43960624.0,340878251.52
002329,皇氏集团,3.99,3.92,1.79,51045366.0,202109918.7
002330,得利斯,4.24,4.19,1.19,9979400.0,42022121.0
002331,皖通科技,6.97,6.96,0.14,4739500.0,33051657.0
002332,仙琚制药,8.72,8.62,1.16,14852838.0,129384005.37
002333,罗普斯金,5.7,5.81,-1.89,18045900.0,103286801.0
002334,英威腾,6.72,6.76,-0.59,7438500.0,50264759.0
002335,科华数据,30.62,30.83,-0.68,18868095.0,587817136.01
002337,赛象科技,4.74,4.69,1.07,6549100.0,30953095.0
002338,奥普光电,42.64,43.56,-2.11,4994523.0,215131200.84
002339,积成电子,7.45,7.41,0.54,12034260.0,89569453.4
002340,格林美,6.67,6.65,0.3,65125006.0,432125879.46
002342,巨力索具,7.74,7.76,-0.26,24724586.0,191399144.02
002343,慈文传媒,5.18,5.18,0.0,6573700.0,33976753.0
002344,海宁皮城,4.05,4.01,1.0,13311233.0,53723693.0
002345,潮宏基,10.4,9.95,4.52,31145000.0,318359082.32
002346,柘中股份,20.65,21.01,-1.71,6654700.0,138628193.0
002347,泰尔股份,6.14,6.04,1.66,16711296.0,102397648.95
002348,高乐股份,11.21,11.26,-0.44,11408420.0,127892250.8
002349,精华制药,7.89,7.17,10.04,42292797.0,325503401.33
002350,北京科锐,14.59,14.54,0.34,8287204.0,122448566.38
002351,漫步者,10.06,10.09,-0.3,5334833.0,53800212.97
002352,顺丰控股,33.67,33.41,0.78,19975738.0,665367336.39
002353,杰瑞股份,130.92,136.24,-3.9,23556176.0,3090671865.56
002354,天娱数科,7.85,7.14,9.94,91556253.0,718716586.05
002355,兴民智通,4.92,4.91,0.2,11920341.0,58600901.54
002356,鹏飞绿能,2.86,2.8,2.14,18295789.0,52218170.75
002357,富临运业,11.11,11.03,0.73,7940400.0,88112063.0
002358,森源电气,5.51,5.48,0.55,9953285.0,54631494.23
002360,ST同德,5.82,5.79,0.52,3680800.0,21209521.0
002361,神剑股份,10.52,10.45,0.67,53800768.0,566691908.15
002362,汉王科技,15.87,15.82,0.32,2908505.0,46426094.0
002363,隆基机械,6.78,6.6,2.73,8284100.0,55964725.1
002364,中恒电气,37.11,38.63,-3.93,27834010.0,1055163637.28
002365,永安药业,15.39,14.94,3.01,53180408.0,793387174.16
002366,融发核电,6.29,6.17,1.94,103654689.0,651434457.67
002367,康力电梯,5.49,5.45,0.73,12175852.0,67002445.96
002368,太极股份,14.09,13.75,2.47,16139720.0,231375273.6
002369,卓翼科技,6.29,6.34,-0.79,36357578.0,228691250.89
002370,亚太药业,5.55,5.6,-0.89,16589100.0,91885267.0
002371,北方华创,697.51,718.0,-2.85,5646311.0,4000825250.03
002372,伟星新材,8.61,8.58,0.35,6306648.0,54129462.2
002373,千方科技,7.63,7.62,0.13,11165092.0,85514419.6
002374,中锐股份,3.14,3.1,1.29,15047699.0,47210997.91
002375,亚厦股份,3.7,3.68,0.54,10461302.0,38572367.38
002376,新北洋,6.75,6.78,-0.44,9207800.0,62344829.0
002377,国创高新,2.81,2.77,1.44,20931800.0,58426173.0
002378,章源钨业,25.79,25.91,-0.46,33931247.0,877716288.74
002379,宏桥控股,18.5,18.7,-1.07,37648274.0,698220478.72
002380,科远智慧,27.83,28.15,-1.14,3924500.0,110511852.0
002381,双箭股份,5.6,5.55,0.9,4735100.0,26343620.0
002382,蓝帆医疗,6.05,6.13,-1.31,8194000.0,49632401.0
002383,合众思壮,7.07,7.05,0.28,7725500.0,54557492.0
002384,东山精密,195.62,200.6,-2.48,55454434.0,11142433062.12
002385,大北农,3.39,3.33,1.8,154258731.0,516951993.88
002386,天原股份,6.02,5.89,2.21,23990556.0,143224073.22
002387,维信诺,7.32,7.11,2.95,23008152.0,168672640.68
002388,新亚制程,6.5,6.66,-2.4,48791000.0,318066317.0
002389,航天彩虹,18.07,18.09,-0.11,11943155.0,215775797.64
002390,信邦制药,3.17,3.1,2.26,58156900.0,185221727.54
002391,长青股份,5.44,5.28,3.03,16085152.0,86257088.6
002392,北京利尔,7.95,7.79,2.05,20285520.0,160014158.46
002393,力生制药,14.31,14.24,0.49,1622928.0,23162945.2
002394,联发股份,10.31,10.38,-0.67,4531600.0,47028088.0
002395,双象股份,12.47,12.55,-0.64,4829057.0,60260273.65
002396,星网锐捷,36.69,33.35,10.01,114807043.0,4141078934.92
002397,梦洁股份,3.68,3.6,2.22,14895700.0,54515243.0
002398,垒知集团,4.23,4.21,0.48,9254200.0,39122420.0
002399,海普瑞,10.45,10.6,-1.42,5347000.0,56089933.0
002400,省广集团,6.47,6.46,0.15,86632427.0,563531886.13
002401,中远海科,12.34,12.27,0.57,3138760.0,38837969.8
002402,和而泰,19.06,19.15,-0.47,15561112.0,297900527.7
002403,爱仕达,9.24,9.17,0.76,3601790.0,33195090.5
002404,嘉欣丝绸,5.84,5.74,1.74,6800895.0,39377912.15
002405,四维图新,6.39,6.36,0.47,27372833.0,175447285.22
002406,远东传动,6.77,6.74,0.45,8051900.0,54542282.0
002407,多氟多,36.94,35.12,5.18,201735035.0,7320542472.69
002408,齐翔腾达,5.62,5.45,3.12,36256934.0,201964972.88
002409,雅克科技,142.06,143.91,-1.29,17336898.0,2508246354.43
002410,广联达,9.0,8.79,2.39,32519066.0,292853627.85
002412,汉森制药,13.13,14.02,-6.35,165451596.0,2210380707.18
002413,雷科防务,7.96,7.95,0.13,27881910.0,222078272.65
002414,高德红外,12.85,12.95,-0.77,58241162.0,752257615.96
002415,海康威视,35.1,35.29,-0.54,45880339.0,1614844726.52
002416,爱施德,9.5,9.39,1.17,12396090.0,117291339.4
002418,康盛股份,4.9,4.91,-0.2,487365660.0,2521907992.26
002419,天虹股份,4.7,4.65,1.08,13930833.0,65020852.13
002420,毅昌科技,6.06,5.94,2.02,7763600.0,46827370.0
002421,达实智能,3.26,3.23,0.93,175182712.0,574833138.88
002422,科伦药业,41.75,42.28,-1.25,17209472.0,721007477.88
002423,中粮资本,9.89,9.98,-0.9,37014607.0,368114616.49
002424,ST百灵,4.62,4.6,0.43,8960800.0,41531766.0
002425,凯撒文化,3.18,3.17,0.32,26739200.0,85028331.0
002426,胜利精密,2.72,2.72,0.0,47607503.0,129479305.13
002427,尤夫股份,5.19,4.72,9.96,64316654.0,320808174.99
002428,云南锗业,99.66,101.36,-1.68,75239222.0,7684662106.77
002429,兆驰股份,8.18,8.38,-2.39,53285124.0,443117928.01
002430,杭氧股份,26.11,24.65,5.92,45856336.0,1184412876.82
002431,ST棕榈,1.42,1.44,-1.39,21052400.0,29997456.0
002432,九安医疗,67.86,69.41,-2.23,19726816.0,1347732705.17
002434,万里扬,5.76,5.79,-0.52,8729600.0,50462775.0
002436,兴森科技,35.78,35.7,0.22,133819736.0,4904248158.78
002437,誉衡药业,4.86,4.42,9.95,817119413.0,3612936949.48
002438,江苏神通,13.75,13.83,-0.58,3568500.0,49469272.0
002439,启明星辰,13.67,13.42,1.86,35426849.0,491221719.92
002440,闰土股份,13.89,13.07,6.27,67619069.0,921691729.85
002441,众业达,8.26,8.23,0.36,6208004.0,51074933.08
002442,龙星科技,5.25,5.22,0.57,23114950.0,121739915.0
002443,金洲管道,9.96,9.83,1.32,35018961.0,339659188.28
002444,巨星科技,30.41,30.72,-1.01,6684208.0,204846178.2
002445,中南文化,3.39,3.67,-7.63,240234921.0,827406086.67
002446,盛路通信,8.33,8.43,-1.19,18703515.0,156429238.3
002448,中原内配,12.18,12.16,0.16,18470587.0,225975860.92
002449,国星光电,6.63,6.62,0.15,13362148.0,88377330.86
002451,摩恩电气,7.75,7.79,-0.51,18141475.0,140425037.27
002452,长高电气,11.5,11.34,1.41,19065919.0,218234222.53
002453,华软科技,4.56,4.53,0.66,10071520.0,46001131.4
002454,松芝股份,5.13,5.16,-0.58,7528120.0,38666362.2
002455,百川股份,7.93,7.78,1.93,54205895.0,424718855.78
002456,欧菲光,7.61,7.58,0.4,152103446.0,1166657190.37
002457,青龙管业,11.11,11.05,0.54,17122700.0,189587485.0
002458,益生股份,9.07,8.94,1.45,45685801.0,410076896.28
002459,晶澳科技,7.3,7.18,1.67,30421056.0,221241729.84
002460,赣锋锂业,55.0,54.13,1.61,47996623.0,2621480635.87
002461,珠江啤酒,8.71,8.63,0.93,3426531.0,29696240.7
002462,嘉事堂,12.34,12.18,1.31,2379600.0,29286244.0
002463,沪电股份,121.7,122.02,-0.26,59029008.0,7336668585.52
002465,海格通信,10.1,10.16,-0.59,30256974.0,306762690.3
002466,天齐锂业,50.1,48.23,3.88,90029551.0,4491186578.13
002467,二六三,4.68,4.58,2.18,41792351.0,195552899.97
002468,申通快递,14.05,14.04,0.07,13439014.0,188548634.76
002469,三维化学,6.63,6.52,1.69,23534203.0,154333868.73
002470,金正大,2.16,2.08,3.85,236658500.0,498757079.0
002471,中超控股,5.37,5.39,-0.37,25031072.0,134669337.69
002472,双环传动,35.7,35.79,-0.25,11864027.0,425009633.7
002474,榕基软件,6.34,6.22,1.93,31433169.0,200266445.68
002475,立讯精密,56.6,57.18,-1.01,108503490.0,6242839362.36
002476,新叶股份,5.12,5.04,1.59,7872600.0,40244630.0
002478,常宝股份,6.83,6.86,-0.44,26128324.0,178939227.11
002479,富春环保,5.95,5.82,2.23,18854100.0,111545569.0
002480,新筑股份,5.44,5.47,-0.55,3693500.0,20178922.0
002481,双塔食品,4.34,4.29,1.17,14418347.0,62304258.51
002482,广田集团,1.34,1.3,3.08,108373300.0,145232741.0
002483,润邦股份,5.39,5.34,0.94,9749756.0,52339132.4
002484,江海股份,60.8,62.1,-2.09,37309789.0,2326685326.47
002485,ST雪发,5.94,5.95,-0.17,2083600.0,12332792.0
002486,嘉麟杰,2.95,2.68,10.07,76980576.0,219805227.2
002487,大金重工,35.76,35.41,0.99,16234667.0,577285918.39
002488,金固股份,8.16,8.1,0.74,12592226.0,102702415.16
002489,浙江永强,2.83,2.81,0.71,19094560.0,53947544.8
002490,山东墨龙,8.42,8.08,4.21,62273648.0,520278943.28
002491,通鼎互联,22.23,23.64,-5.96,247754141.0,5647315632.88
002492,恒基达鑫,5.79,5.6,3.39,5750595.0,32983034.1
002493,荣盛石化,14.55,14.37,1.25,51017560.0,737394563.92
002494,华斯股份,4.84,4.76,1.68,8819600.0,42463565.0
002495,佳隆股份,2.45,2.4,2.08,21373480.0,51880149.0
002496,辉丰股份,2.22,2.17,2.3,39406180.0,86189385.0
002497,雅化集团,19.3,18.95,1.85,48828138.0,931941862.3
002498,汉缆股份,6.46,6.43,0.47,52558689.0,337428081.02
002500,山西证券,5.46,5.47,-0.18,30152360.0,163574586.2
002501,*ST利源,1.31,1.29,1.55,21461609.0,28065644.7
002506,协鑫集成,2.79,2.7,3.33,304289512.0,839352734.73
002507,涪陵榨菜,11.25,11.25,0.0,10429520.0,116664266.8
002508,老板电器,16.06,16.3,-1.47,10621500.0,170268410.69
002510,天汽模,5.65,5.65,0.0,9370516.0,52894207.24
002511,中顺洁柔,7.14,7.08,0.85,9782196.0,69428435.19
002512,ST达华,4.09,4.11,-0.49,24430478.0,101535109.24
002513,蓝丰生化,5.44,5.32,2.26,7124900.0,38376419.0
002514,*ST宝馨,1.77,1.77,0.0,26884174.0,47953201.98
002515,金字火腿,8.35,8.58,-2.68,141777161.0,1204293438.25
002516,旷达科技,5.44,5.38,1.12,13883599.0,75778499.36
002517,恺英网络,16.6,16.65,-0.3,41359611.0,688928613.18
002518,科士达,35.47,36.93,-3.95,23490680.0,838938024.63
002519,银河电子,5.51,5.52,-0.18,15948740.0,88019566.4
002520,日发精机,6.27,6.34,-1.1,24764800.0,155680102.16
002521,齐峰新材,6.74,6.7,0.6,4377700.0,29558380.0
002522,浙江众成,5.28,5.32,-0.75,26277950.0,138646127.22
002523,天桥起重,3.52,3.45,2.03,25330733.0,88674371.43
002524,光正眼科,4.04,4.03,0.25,9477300.0,38162502.0
002526,山东矿机,2.73,2.71,0.74,21283447.0,57986819.31
002527,新时达,11.07,11.2,-1.16,5985551.0,66397165.6
002528,*ST英飞,6.65,6.1,9.02,47691879.0,311055241.78
002529,海源复材,7.03,7.06,-0.42,3724600.0,26230505.0
002530,金财互联,7.37,7.35,0.27,9791497.0,72201486.44
002531,天顺风能,6.16,6.2,-0.65,23190572.0,143064989.8
002532,天山铝业,13.17,13.0,1.31,69432837.0,907331304.06
002533,金杯电工,11.22,11.33,-0.97,6519800.0,73464103.0
002534,西子洁能,15.02,15.1,-0.53,8803700.0,132333488.2
002535,林州重机,2.6,2.56,1.56,12996389.0,33528824.55
002536,飞龙股份,53.33,54.23,-1.66,66102018.0,3579542617.52
002537,海联金汇,6.25,6.28,-0.48,26889300.0,168196946.0
002538,ST司特,7.32,7.41,-1.21,10586304.0,77590732.16
002539,云图控股,13.82,13.39,3.21,23397854.0,318636037.37
002540,亚太科技,5.17,5.12,0.98,8206850.0,42264794.5
002541,鸿路钢构,20.22,19.86,1.81,12016253.0,242615765.36
002542,*ST中岩,1.79,1.79,0.0,22667700.0,40495784.0
002543,万和电气,7.25,7.13,1.68,13283884.0,95416576.71
002544,普天科技,16.2,16.24,-0.25,6356436.0,103300211.16
002545,东方铁塔,18.15,18.2,-0.27,17521989.0,316772513.02
002546,新联电子,7.95,8.03,-1.0,10648300.0,84900303.0
002547,*ST春兴,2.67,2.66,0.38,20200755.0,54159916.5
002548,金新农,4.34,4.29,1.17,27756334.0,119493595.61
002549,凯美特气,14.36,14.17,1.34,32738816.0,473802281.92
002550,千红制药,6.74,6.78,-0.59,12619200.0,84902076.0
002551,尚荣医疗,3.38,3.37,0.3,11110250.0,37361046.0
002552,宝鼎科技,53.19,56.0,-5.02,38971185.0,2124243208.11
002553,南方精工,15.44,15.46,-0.13,4369200.0,67370875.0
002554,惠博普,2.99,2.94,1.7,17003816.0,50683381.52
002555,三七互娱,18.27,18.17,0.55,23611795.0,431308364.83
002556,辉隆股份,5.4,5.29,2.08,17914095.0,95815644.95
002557,洽洽食品,18.78,18.5,1.51,6873706.0,128592495.75
002558,巨人网络,27.28,27.24,0.15,58658315.0,1604502878.3
002559,亚威股份,9.11,9.2,-0.98,13887390.0,127383278.9
002560,通达股份,6.13,6.16,-0.49,12726908.0,78158654.24
002561,徐家汇,7.0,6.88,1.74,4882675.0,33976363.75
002562,兄弟科技,5.01,4.92,1.83,30383608.0,151367183.21
002563,森马服饰,5.98,5.88,1.7,20133700.0,119599571.0
002564,天沃科技,4.52,4.51,0.22,7485600.0,33917069.0
002565,顺灏股份,8.5,8.39,1.31,53427350.0,452301078.0
002566,益盛药业,7.14,7.0,2.0,9905200.0,70250834.0
002567,唐人神,3.86,3.8,1.58,19947558.0,76157988.1
002568,百润股份,17.71,17.49,1.26,6767311.0,119265822.78
002569,*ST步森,11.28,11.27,0.09,1033700.0,11644963.0
002570,贝因美,4.6,4.54,1.32,16046100.0,73471865.8
002571,德力股份,10.68,10.72,-0.37,3931399.0,41962236.35
002572,索菲亚,8.08,8.07,0.12,13233200.0,106338483.0
002573,清新环境,3.35,3.22,4.04,38015499.0,127131617.2
002574,明牌珠宝,5.25,5.11,2.74,28360504.0,149124579.62
002575,群兴玩具,5.31,5.22,1.72,24603742.0,129546629.3
002576,通达动力,14.49,14.38,0.76,1920400.0,27835717.0
002577,雷柏科技,18.8,19.37,-2.94,3974100.0,75373029.0
002578,闽发铝业,4.33,3.94,9.9,63159049.0,265696347.77
002579,中京电子,14.38,14.52,-0.96,64721581.0,947671253.15
002580,圣阳股份,21.08,21.72,-2.95,63618467.0,1350278100.72
002581,*ST未名,5.22,5.17,0.97,11580876.0,60308712.28
002582,好想你,10.71,10.3,3.98,36710649.0,388003758.32
002583,海能达,8.44,8.56,-1.4,15186232.0,128912859.44
002584,西陇科学,8.39,8.3,1.08,30072400.0,250544014.0
002585,双星新材,9.87,9.97,-1.0,69407037.0,697483149.68
002586,ST围海,0.0,4.32,-100.0,0.0,0.0
002587,奥拓电子,5.54,5.54,0.0,10452598.0,57986142.92
002588,史丹利,8.16,7.95,2.64,26757509.0,215483377.05
002589,瑞康医药,3.31,3.33,-0.6,83499972.0,276504100.88
002590,万安科技,9.77,9.57,2.09,9169200.0,89648173.0
002591,恒大高新,6.49,6.4,1.41,7687800.0,49681582.0
002592,ST八菱,6.66,6.71,-0.75,3147200.0,20902066.0
002593,日上集团,4.55,4.53,0.44,8488700.0,38475375.0
002594,比亚迪,92.32,91.49,0.91,25031828.0,2300830571.46
002595,豪迈科技,47.41,47.48,-0.15,3680870.0,174223766.6
002596,海南瑞泽,3.35,3.3,1.52,21370250.0,71493313.5
002597,金禾实业,20.86,20.31,2.71,8756165.0,182102486.3
002598,ST章鼓,6.88,6.86,0.29,2716000.0,18862534.0
002599,盛通股份,5.95,5.91,0.68,4573300.0,27102507.0
002600,领益智造,12.47,12.5,-0.24,110306188.0,1396632704.41
002601,龙佰集团,16.6,16.25,2.15,25044263.0,412554745.87
002602,世纪华通,13.97,13.92,0.36,93376340.0,1317492535.48
002603,以岭药业,16.18,16.25,-0.43,12808070.0,206747800.69
002605,姚记科技,17.16,17.36,-1.15,8201237.0,140719456.92
002606,大连电瓷,13.02,13.08,-0.46,11926748.0,155333252.29
002607,中公教育,2.1,2.1,0.0,116927266.0,245978088.94
002608,江苏国信,7.1,7.09,0.14,9563300.0,67754947.0
002609,捷顺科技,7.77,7.73,0.52,4553700.0,35449736.0
002611,东方精工,14.9,14.75,1.02,20479652.0,305747107.46
002612,朗姿股份,15.01,14.92,0.6,5094594.0,76336481.18
002613,北玻股份,3.51,3.48,0.86,21200400.0,74369727.0
002614,奥佳华,5.86,5.82,0.69,16861447.0,98374517.98
002615,哈尔斯,6.63,6.62,0.15,5655500.0,37347118.0
002616,长青集团,4.94,4.91,0.61,8650652.0,42508874.77
002617,露笑科技,6.2,6.26,-0.96,48456787.0,301709799.49
002620,*ST瑞和,5.57,5.58,-0.18,4812000.0,26933655.0
002622,皓宸医疗,2.63,2.67,-1.5,21590400.0,56996027.0
002623,亚玛顿,16.16,15.98,1.13,3222236.0,52036653.2
002624,完美世界,10.89,10.89,0.0,28776300.0,312686933.0
002625,光启技术,28.4,28.22,0.64,18282784.0,521913058.9
002626,金达威,16.96,16.91,0.3,3635000.0,61258668.0
002627,三峡旅游,7.24,7.16,1.12,24227300.0,175518776.0
002628,成都路桥,5.48,5.28,3.79,95773863.0,528944519.59
002629,仁智股份,4.89,4.88,0.2,10499900.0,51490324.0
002630,*ST华西,1.69,1.66,1.81,16028498.0,26900676.22
002631,德尔未来,10.1,9.18,10.02,96170317.0,963976605.14
002632,道明光学,8.47,8.53,-0.7,7065179.0,60191117.34
002633,申科股份,14.64,14.63,0.07,1146200.0,16762425.0
002634,*ST棒杰,4.25,4.27,-0.47,3060100.0,12987712.0
002635,安洁科技,15.42,15.75,-2.1,14070873.0,220120851.56
002636,金安国纪,73.18,69.41,5.43,95212222.0,7075641917.32
002637,赞宇科技,12.38,11.81,4.83,26863900.0,327595095.1
002638,勤上股份,4.66,4.54,2.64,59476241.0,276423552.71
002639,雪人集团,11.94,11.88,0.51,17665469.0,210726955.48
002640,跨境通,3.41,3.41,0.0,79346093.0,270259054.13
002641,公元股份,4.02,4.04,-0.5,10964800.0,43912810.02
002642,荣联科技,7.21,7.22,-0.14,10304000.0,74378186.0
002643,万润股份,13.26,13.35,-0.67,12930550.0,172758444.91
002644,佛慈制药,8.84,8.7,1.61,16605387.0,146380955.14
002645,华宏科技,19.15,19.51,-1.85,24868108.0,479862535.85
002646,天佑德酒,6.96,6.83,1.9,4957499.0,34276033.1
002647,仁东控股,11.87,11.98,-0.92,20898800.0,250433172.0
002648,卫星化学,28.38,27.39,3.61,58183681.0,1628314082.41
002649,博彦科技,9.82,9.77,0.51,25999041.0,257654240.59
002650,ST加加,6.05,6.07,-0.33,2448900.0,14846450.0
002651,利君股份,8.55,8.55,0.0,24862942.0,211122102.15
002652,扬子新材,4.12,4.11,0.24,9704920.0,40002310.0
002653,海思科,67.18,66.8,0.57,5124197.0,345877087.32
002654,万润科技,13.67,13.84,-1.23,44502209.0,614043150.36
002655,共达电声,38.22,39.13,-2.33,31013630.0,1219259790.56
002656,摩登大道,2.92,2.91,0.34,9102900.0,26643339.0
002657,中科金财,16.3,16.36,-0.37,12503668.0,205063671.96
002658,雪迪龙,7.55,7.43,1.62,6551005.0,49153976.6
002659,凯文教育,4.58,4.54,0.88,10164000.0,46673612.0
002660,茂硕电源,7.62,7.54,1.06,3845700.0,29292388.0
002661,克明食品,8.02,7.96,0.75,4975400.0,39869793.0
002662,峰璟股份,3.36,3.27,2.75,24460000.0,82394354.0
002663,普邦股份,1.77,1.73,2.31,26859460.0,47237319.6
002664,信质集团,15.37,15.76,-2.47,5176800.0,80074425.0
002666,德联集团,4.26,4.19,1.67,12497000.0,53094343.0
002667,*ST威领,19.0,19.37,-1.91,17150500.0,331681668.0
002668,TCL智家,9.35,9.38,-0.32,12448400.0,116221597.0
002669,康达新材,12.06,11.79,2.29,9612700.0,115233965.0
002670,国盛证券,12.05,11.7,2.99,75498361.0,905829394.56
002671,龙泉股份,4.07,3.98,2.26,8664300.0,34997756.0
002672,东江环保,3.79,3.76,0.8,7607800.0,28620853.0
002673,西部证券,6.83,6.86,-0.44,32943198.0,224720728.82
002674,兴业科技,24.89,25.95,-4.08,14046400.0,355144458.0
002675,东诚药业,12.9,12.85,0.39,4878300.0,62641779.0
002676,顺威股份,5.24,5.17,1.35,12736730.0,66839972.1
002677,浙江美大,6.8,6.84,-0.58,3217000.0,21919321.0
002678,珠江钢琴,5.15,5.1,0.98,11784400.0,61093456.4
002679,福建金森,10.67,9.7,10.0,13015342.0,136470109.14
002681,奋达科技,4.68,4.59,1.96,41113708.0,193187930.01
002682,龙洲股份,5.08,5.0,1.6,28636500.0,144994865.0
002683,广东宏大,30.46,29.79,2.25,9026045.0,273146955.05
002685,华东重机,5.54,5.57,-0.54,18267488.0,101448628.51
002686,亿利达,6.7,6.92,-3.18,48973900.0,330718754.7
002687,乔治白,6.36,6.28,1.27,14393821.0,91241062.77
002688,金河生物,5.22,5.25,-0.57,9735500.0,50481750.0
002689,ST远智,2.83,2.92,-3.08,16856734.0,47521414.28
002690,美亚光电,16.26,15.97,1.82,8316437.0,134728068.46
002691,*ST冀凯,4.54,4.43,2.48,2581300.0,11619870.0
002692,远程股份,4.3,4.28,0.47,8833450.0,37978747.5
002693,双成药业,9.1,9.32,-2.36,12028625.0,110130184.5
002694,*ST顾地,2.43,2.42,0.41,6908900.0,16616386.0
002695,煌上煌,10.75,10.75,0.0,5436652.0,58760673.6
002696,百洋股份,6.39,6.35,0.63,15906000.0,101784118.0
002697,红旗连锁,4.69,4.61,1.74,22348579.0,104203877.77
002698,博实股份,12.26,12.26,0.0,10104340.0,125227050.4
002700,万憬能源,6.42,6.35,1.1,4417200.0,28207043.0
002701,奥瑞金,4.85,4.79,1.25,19189237.0,92857422.82
002702,海欣食品,5.27,5.1,3.33,30356120.0,158707037.3
002703,浙江世宝,16.64,16.93,-1.71,65040972.0,1086989116.37
002705,新宝股份,11.29,11.26,0.27,3351323.0,37762597.75
002706,良信股份,9.47,9.68,-2.17,29793900.0,284223817.0
002707,众信旅游,5.59,5.39,3.71,37538848.0,208385527.12
002708,光洋股份,12.27,12.45,-1.45,18866500.0,231268217.94
002709,天赐材料,37.15,37.27,-0.32,44124281.0,1639791774.17
002712,思美传媒,4.73,4.73,0.0,10468400.0,49475892.0
002713,东易日盛,9.6,9.68,-0.83,9279853.0,89186102.7
002714,牧原股份,41.68,40.8,2.16,53076303.0,2178936350.54
002715,登云股份,14.44,14.27,1.19,3736000.0,53270515.0
002716,湖南白银,11.65,11.6,0.43,400809028.0,4615192225.58
002717,*ST岭南,1.03,1.03,0.0,101309901.0,103835638.71
002718,友邦吊顶,84.74,84.7,0.05,498800.0,42644968.0
002719,ST麦趣,6.61,6.56,0.76,3978100.0,26093058.0
002721,金一文化,3.06,2.99,2.34,233538300.0,705236135.0
002722,物产金轮,13.03,12.96,0.54,2727400.0,35365700.0
002723,小崧股份,7.64,7.56,1.06,10934100.0,82397804.0
002724,海洋王,6.93,6.77,2.36,34613570.0,243062916.62
002725,跃岭股份,11.48,11.44,0.35,4519800.0,52009181.0
002726,ST龙大,2.73,2.57,6.23,94109457.0,249591536.12
002727,一心堂,11.25,11.35,-0.88,7558079.0,84899823.38
002728,特一药业,9.07,9.05,0.22,14292544.0,130291045.12
002729,好利科技,13.82,13.91,-0.65,3580376.0,49658924.28
002730,电光科技,23.96,23.88,0.34,11023160.0,264635909.4
002731,*ST萃华,0.85,0.94,-9.57,6139100.0,5218235.0
002732,燕塘乳业,14.08,13.87,1.51,1500582.0,21050850.7
002733,雄韬股份,18.55,18.56,-0.05,8429093.0,157003138.73
002734,利民股份,16.2,16.27,-0.43,18576818.0,300391803.92
002735,王子新材,11.78,11.71,0.6,11856086.0,139657040.08
002736,国信证券,10.28,10.24,0.39,26664917.0,273592365.86
002737,葵花药业,12.98,13.25,-2.04,4714400.0,61112286.0
002738,中矿资源,53.43,51.67,3.41,31353764.0,1658232825.41
002739,儒意电影,8.38,8.38,0.0,36315520.0,304409023.29
002741,光华科技,25.22,25.73,-1.98,19882994.0,511004359.56
002742,冀衡医药,6.24,5.67,10.05,219901926.0,1345116193.73
002743,富煌钢构,4.88,4.65,4.95,21416760.0,102124242.0
002745,木林森,11.65,11.96,-2.59,64738176.0,761664725.97
002746,仙坛股份,6.42,6.4,0.31,12822744.0,81772825.87
002747,埃斯顿,31.49,31.81,-1.01,37410711.0,1191909462.56
002748,世龙实业,12.28,11.99,2.42,5650000.0,68695152.0
002749,国光股份,8.74,8.58,1.86,4926928.0,42865698.69
002752,昇兴股份,6.06,5.99,1.17,16735203.0,101271500.07
002753,永东股份,6.7,6.64,0.9,4927500.0,32912163.0
002755,奥赛康,11.84,12.53,-5.51,19441105.0,232610714.05
002756,永兴材料,46.6,45.73,1.9,11495657.0,533059331.7
002757,南兴股份,15.89,15.94,-0.31,10928700.0,175547092.0
002758,浙农股份,9.11,8.51,7.05,42605489.0,379711755.81
002759,ST天际,17.8,17.45,2.01,21873600.0,386266859.0
002760,凤形股份,18.77,17.99,4.34,7464300.0,140384450.0
002761,浙江建投,7.39,7.2,2.64,17328633.0,127982066.79
002762,金发拉比,9.45,9.18,2.94,9207898.0,86783498.46
002763,汇洁股份,7.63,7.49,1.87,4967342.0,37814671.3
002765,蓝黛科技,7.08,6.95,1.87,18770325.0,133563188.44
002766,索菱股份,4.2,4.17,0.72,15030700.0,62947577.0
002767,先锋电子,18.38,18.22,0.88,2353900.0,43314161.0
002768,国恩股份,64.97,64.88,0.14,8086401.0,529664349.75
002769,普路通,7.16,7.05,1.56,5413751.0,38614703.06
002771,真视通,13.2,12.53,5.35,20463549.0,271258494.64
002772,众兴菌业,11.87,11.13,6.65,30347105.0,354210922.45
002773,康弘药业,20.81,20.54,1.31,7764541.0,161107964.43
002774,快意电梯,16.38,16.68,-1.8,13188850.0,221163880.0
002775,文科股份,3.68,3.62,1.66,8742927.0,31969347.65
002777,久远银海,12.78,12.75,0.24,4595480.0,58781311.2
002778,中晟高科,15.97,15.87,0.63,1697700.0,27051873.0
002779,中坚科技,74.21,76.35,-2.8,1665740.0,125292312.1
002780,三夫户外,13.68,13.4,2.09,4107000.0,55730293.4
002782,可立克,15.11,15.2,-0.59,8543505.0,130313372.3
002783,凯龙股份,8.05,8.01,0.5,7738500.0,62113422.0
002785,万里石,35.57,34.82,2.15,7878000.0,281957322.0
002786,银宝山新,8.02,8.01,0.12,5741000.0,45872506.0
002787,华源控股,21.47,21.84,-1.69,8505300.0,185375296.0
002788,鹭燕医药,11.11,11.12,-0.09,8281789.0,92150576.4
002789,*ST建艺,10.48,10.15,3.25,2101450.0,21727928.5
002790,瑞尔特,6.17,5.99,3.01,4822800.0,29472687.16
002791,坚朗五金,15.26,14.99,1.8,3167349.0,48166822.41
002792,通宇通讯,30.93,31.21,-0.9,17537483.0,547665213.71
002793,罗欣药业,5.06,5.17,-2.13,61121430.0,310068428.3
002795,永和智控,7.29,7.21,1.11,12306200.0,90307542.0
002796,世嘉科技,29.7,30.18,-1.59,5963800.0,179923971.35
002797,第一创业,6.54,6.58,-0.61,49025143.0,320371662.49
002798,帝欧水华,5.89,5.88,0.17,6463500.0,38153381.0
002799,环球印务,6.93,6.89,0.58,3821900.0,26437472.0
002800,天顺股份,15.21,14.61,4.11,5481268.0,82242927.28
002801,微光股份,27.12,26.93,0.71,782329.0,21172327.91
002802,洪汇新材,12.28,12.05,1.91,2236200.0,27273764.0
002803,吉宏股份,18.76,18.75,0.05,7480100.0,140984194.05
002805,丰元股份,18.8,18.94,-0.74,9525459.0,180468597.46
002806,华锋股份,14.38,14.64,-1.78,4984428.0,72197375.96
002807,江阴银行,4.04,4.08,-0.98,30974432.0,125095816.64
002809,红墙股份,9.08,8.7,4.37,14374377.0,128758809.49
002810,山东赫达,21.63,21.5,0.6,3403569.0,73398390.26
002811,郑中设计,13.25,13.23,0.15,6344400.0,84436618.5
002812,恩捷股份,54.48,53.97,0.94,13002281.0,707659286.45
002813,路畅科技,21.0,20.95,0.24,1127300.0,23650916.0
002815,崇达技术,14.69,14.34,2.44,49136667.0,727044469.04
002816,*ST和科,25.07,24.05,4.24,1912000.0,47137597.0
002817,黄山胶囊,6.8,6.73,1.04,3229985.0,21859008.95
002818,富森美,10.75,10.64,1.03,4515147.0,48459916.25
002819,东方中科,21.2,20.9,1.44,3713100.0,78604836.0
002820,桂发祥,10.17,9.94,2.31,17480860.0,176150490.74
002821,凯莱英,164.94,170.64,-3.34,8223630.0,1369725242.81
002822,ST中装,3.18,3.19,-0.31,6844474.0,21833427.58
002823,凯中精密,13.04,13.09,-0.38,3358700.0,43826828.0
002824,和胜股份,26.13,26.68,-2.06,27700129.0,741002554.39
002825,纳尔股份,9.15,9.03,1.33,2488405.0,22731244.45
002826,易明医药,17.2,17.35,-0.86,2509300.0,43286865.17
002827,高争民爆,58.69,58.81,-0.2,12188150.0,721574587.5
002828,贝肯能源,12.65,12.4,2.02,18733600.0,239875593.0
002829,星网宇达,20.0,19.81,0.96,4596600.0,91777856.0
002830,名雕股份,14.34,14.27,0.49,2433783.0,34794808.0
002831,裕同科技,26.4,26.83,-1.6,14665106.0,388176259.24
002832,比音勒芬,24.47,24.03,1.83,16642098.0,408582059.12
002833,弘亚数控,18.78,18.55,1.24,6343726.0,118989101.02
002835,同为股份,12.68,12.62,0.48,2480200.0,31405194.0
002836,新宏泽,9.85,9.76,0.92,3477746.0,34208981.99
002837,英维克,64.48,65.97,-2.26,82948504.0,5416634861.19
002838,道恩股份,24.95,25.32,-1.46,6771524.0,171374151.86
002839,张家港行,4.27,4.4,-2.95,43031054.0,184526956.84
002840,华统股份,8.25,8.26,-0.12,11500405.0,94249666.43
002841,视源股份,46.83,46.99,-0.34,6610561.0,311242568.04
002842,翔鹭钨业,40.13,39.07,2.71,49052877.0,1946454440.91
002843,泰嘉股份,16.19,16.7,-3.05,12255000.0,201114228.0
002845,同兴达,13.35,13.27,0.6,6567900.0,87880980.2
002846,英联股份,10.76,10.72,0.37,4890040.0,52653192.4
002847,盐津铺子,45.42,45.12,0.66,2223394.0,100600180.62
002848,高斯贝尔,13.72,13.9,-1.29,5690700.0,78559413.0
002849,威星智能,18.73,18.4,1.79,6211100.0,116338018.7
002850,科达利,177.3,181.37,-2.24,2833828.0,503916192.79
002851,麦格米特,125.95,127.66,-1.34,33952532.0,4412140831.03
002852,道道全,8.81,8.89,-0.9,35080955.0,315402434.43
002853,皮阿诺,22.67,22.47,0.89,2205300.0,49634256.0
002855,捷荣技术,14.64,13.31,9.99,5125100.0,75031464.0
002856,*ST美芝,16.83,16.62,1.26,6393600.0,107669851.4
002857,三晖电气,19.36,19.53,-0.87,1527350.0,29686421.0
002858,力盛体育,11.78,11.73,0.43,2580800.0,30363936.0
002859,洁美科技,65.55,66.18,-0.95,20040904.0,1348297834.89
002860,星帅尔,16.05,14.92,7.57,16919038.0,263838839.8
002861,瀛通通讯,16.1,16.09,0.06,4463638.0,72781193.08
002862,实丰文化,14.12,13.85,1.95,3148580.0,44464027.8
002863,今飞凯达,4.77,4.72,1.06,11270808.0,53459672.68
002864,盘龙药业,22.42,22.77,-1.54,3089099.0,69231462.12
002865,钧达股份,40.57,40.44,0.32,5940405.0,242668503.82
002866,传艺科技,14.9,14.91,-0.07,4324100.0,64509713.0
002867,周大生,11.22,11.13,0.81,18437843.0,206329566.92
002868,绿康生化,21.91,21.92,-0.05,1695100.0,37499365.1
002869,金溢科技,16.17,16.4,-1.4,1718800.0,27979023.0
002870,香山股份,49.89,48.45,2.97,6035100.0,304782065.66
002871,伟隆股份,17.01,17.31,-1.73,3026405.0,52223791.5
002872,ST天圣,5.73,5.83,-1.72,5061900.0,28968368.0
002873,新天药业,8.71,8.66,0.58,5067700.0,43878747.86
002875,安奈儿,13.17,12.95,1.7,3775600.0,49670389.5
002876,三利谱,29.51,29.25,0.89,3769900.0,111671716.0
002877,智能自控,7.42,7.34,1.09,5178311.0,38221920.56
002878,元隆雅图,12.42,12.33,0.73,3662600.0,45500072.0
002879,长缆科技,16.45,16.34,0.67,6414300.0,105617021.0
002880,卫光生物,22.69,23.16,-2.03,6332092.0,143809638.74
002881,美格智能,40.82,41.26,-1.07,13760473.0,573674073.93
002882,金龙羽,22.03,22.35,-1.43,9282771.0,204914147.91
002883,*ST中设,9.41,9.36,0.53,1154700.0,10816960.0
002884,凌霄泵业,16.01,15.84,1.07,1661330.0,26521477.8
002885,京泉华,28.13,28.7,-1.99,12350173.0,352775533.3
002886,沃特股份,26.4,24.0,10.0,4244500.0,112054800.0
002887,绿茵生态,9.51,9.71,-2.06,3667900.0,35328996.0
002888,惠威科技,19.28,19.0,1.47,4175700.0,80130630.0
002889,东方嘉盛,12.58,12.63,-0.4,2641305.0,33351695.55
002890,弘宇股份,14.81,14.85,-0.27,2823900.0,41251629.0
002891,中宠股份,28.76,28.4,1.27,5489480.0,157231504.6
002892,科力尔,9.13,9.24,-1.19,4969823.0,45660735.53
002893,京能热力,10.03,9.93,1.01,5827300.0,58122822.0
002895,川恒股份,33.23,33.02,0.64,4219857.0,139379588.3
002896,中大力德,63.65,64.52,-1.35,6648142.0,426378027.19
002897,意华股份,57.0,59.05,-3.47,6789500.0,394770853.0
002899,英派斯,18.6,18.55,0.27,3746075.0,69891982.25
002900,哈三联,13.29,13.89,-4.32,30912040.0,417367762.2
002901,大博医疗,45.18,45.37,-0.42,2225667.0,101654922.81
002902,铭普光磁,27.33,25.57,6.88,35099035.0,970335811.27
002903,宇环数控,28.95,29.22,-0.92,21430325.0,633892985.52
002905,金逸影视,8.13,7.99,1.75,23306180.0,192411385.2
002906,华阳集团,26.76,26.74,0.07,10139695.0,271936164.78
002907,华森制药,15.52,16.32,-4.9,29988441.0,468717231.01
002908,德生科技,7.16,7.17,-0.14,4870840.0,35067185.12
002909,集泰股份,5.47,5.37,1.86,14285500.0,77349642.0
002910,庄园牧场,9.96,9.85,1.12,7527800.0,75142446.0
002911,佛燃能源,11.1,11.01,0.82,3987489.0,44145923.89
002912,中新赛克,19.31,19.11,1.05,3303020.0,64276931.2
002913,奥士康,59.06,59.01,0.08,4915414.0,296030276.98
002915,中欣氟材,18.87,17.15,10.03,27203681.0,501577262.2
002916,深南电路,362.4,365.1,-0.74,9030876.0,3340281560.2
002917,金奥博,10.4,10.31,0.87,2617250.0,27139975.0
002918,蒙娜丽莎,11.33,10.3,10.0,23345556.0,257211680.68
002919,名臣健康,17.33,17.08,1.46,2848900.0,49446426.0
002920,德赛西威,87.9,86.2,1.97,8084100.0,712092994.96
002921,联诚精密,21.11,21.16,-0.24,4214280.0,89297275.59
002922,伊戈尔,24.66,24.66,0.0,15399098.0,382957833.54
002923,润都股份,11.1,11.06,0.36,6061272.0,67322419.04
002925,盈趣科技,23.2,23.56,-1.53,13330160.0,312547009.6
002926,华西证券,8.61,8.6,0.12,18643778.0,159867780.02
002927,泰永长征,16.01,15.88,0.82,4476754.0,72155300.12
002928,华夏航空,6.34,6.32,0.32,17880721.0,112821406.84
002929,润建股份,52.09,53.46,-2.56,8837490.0,468228851.28
002930,宏川智慧,9.23,8.91,3.59,11963846.0,109698822.48
002931,锋龙股份,45.9,46.91,-2.15,4700704.0,217759493.6
002932,*ST明德,15.33,15.29,0.26,887361.0,13582859.07
002933,新兴装备,26.56,26.43,0.49,1294000.0,34597645.0
002935,天奥电子,15.71,15.89,-1.13,3717121.0,58764729.42
002936,郑州银行,1.78,1.78,0.0,85044106.0,150852719.18
002937,兴瑞科技,31.5,32.11,-1.9,14740370.0,471361533.55
002938,鹏鼎控股,89.18,89.2,-0.02,24871259.0,2261176343.49
002939,长城证券,8.13,8.16,-0.37,16418210.0,133677733.4
002940,昂利康,25.44,25.86,-1.62,5311000.0,135516168.8
002941,新疆交建,10.96,10.85,1.01,9440700.0,102951432.0
002942,新农股份,20.91,19.01,9.99,25516886.0,512135683.08
002943,宇晶股份,33.81,34.65,-2.42,11390911.0,393560352.89
002945,华林证券,14.72,14.75,-0.2,20181117.0,295854970.57
002946,新乳业,15.35,15.33,0.13,6517326.0,99594988.44
002947,恒铭达,64.64,66.5,-2.8,13213598.0,873524012.93
002948,青岛银行,6.04,5.94,1.68,54742776.0,328961813.57
002949,华阳国际,14.08,12.8,10.0,26556525.0,357327565.12
002950,奥美医疗,9.24,9.13,1.2,5665060.0,52244459.0
002951,金时科技,16.03,16.25,-1.35,3349999.0,54012512.88
002952,亚世光电,21.79,19.81,9.99,5878125.0,124923981.75
002953,日丰股份,11.34,11.88,-4.55,36324324.0,414884789.23
002955,鸿合科技,33.63,33.99,-1.06,3661150.0,123378128.9
002956,西麦食品,17.17,16.98,1.12,2736625.0,46972499.33
002957,科瑞技术,40.8,42.53,-4.07,17618389.0,743981643.63
002958,青农商行,2.92,2.93,-0.34,53291464.0,155559807.74
002959,小熊电器,32.95,32.73,0.67,474750.0,15609513.1
002960,青鸟智控,8.6,8.56,0.47,8128851.0,69950529.54
002961,瑞达期货,20.56,20.05,2.54,22810246.0,473323984.55
002962,五方光电,12.94,12.78,1.25,7057200.0,91667353.0
002963,豪尔赛,19.15,21.28,-10.01,19354710.0,377747466.25
002965,祥鑫科技,30.7,31.37,-2.14,10581969.0,331078488.4
002966,苏州银行,8.72,8.76,-0.46,26372286.0,230200330.97
002967,广电计量,17.21,17.35,-0.81,3005900.0,52030038.0
002968,新大正,9.58,9.42,1.7,3069800.0,29296890.0
002969,嘉美包装,12.58,12.52,0.48,20698029.0,259696147.83
002970,锐明技术,48.74,49.44,-1.42,2929195.0,145496459.0
002971,和远气体,47.08,42.8,10.0,18410690.0,842553692.7
002972,科安达,12.37,12.42,-0.4,4500100.0,56005609.0
002973,侨银股份,12.57,12.37,1.62,9945929.0,125449184.08
002975,博杰股份,102.88,108.06,-4.79,18437636.0,1960429186.31
002976,瑞玛精密,24.47,24.44,0.12,6844562.0,169888417.98
002977,*ST天箭,20.97,20.83,0.67,840100.0,17670862.0
002978,安宁股份,26.97,26.27,2.66,4648060.0,124895944.82
002979,雷赛智能,56.41,56.2,0.37,13872727.0,798717009.5
002980,华盛昌,100.89,102.05,-1.14,10784930.0,1113979717.8
002981,朝阳科技,23.72,23.71,0.04,1936300.0,46145456.4
002982,湘佳股份,12.68,12.56,0.96,2943800.0,37100967.2
002983,芯瑞达,20.57,20.06,2.54,5149644.0,107732008.3
002984,森麒麟,14.17,14.13,0.28,7055080.0,99813511.8
002985,北摩高科,26.76,26.27,1.87,5915783.0,158513906.23
002986,宇新股份,13.91,13.56,2.58,6637548.0,91110050.88
002987,京北方,11.88,12.05,-1.41,23967571.0,286866537.65
002988,豪美新材,24.52,24.44,0.33,8000426.0,195130199.41
002989,中天精装,24.08,23.7,1.6,6935840.0,167508300.0
002990,盛视科技,46.8,48.27,-3.05,8517715.0,408974438.0
002991,甘源食品,38.85,38.79,0.15,982371.0,38172030.83
002992,宝明科技,33.86,34.77,-2.62,1567630.0,53402272.8
002993,奥海科技,37.83,39.01,-3.02,4785186.0,184309382.18
002995,天地在线,17.06,17.04,0.12,4957650.0,85032507.5
002996,顺博合金,6.35,6.24,1.76,10673270.0,67227192.6
002997,瑞鹄模具,28.53,28.7,-0.59,1715400.0,49124539.25
002998,优彩资源,8.09,8.04,0.62,8292908.0,66779812.08
002999,天禾股份,6.52,6.31,3.33,15487723.0,99896026.98
003000,劲仔食品,9.86,9.7,1.65,6837251.0,67322510.94
003001,中岩大地,15.93,16.22,-1.79,5807598.0,92503063.24
003002,壶化股份,16.7,16.68,0.12,2184900.0,36403575.0
003003,天元股份,11.34,11.26,0.71,2204800.0,24922184.0
003004,声迅股份,70.01,70.5,-0.7,900400.0,63705748.0
003005,竞业达,15.03,13.66,10.03,6097344.0,90336480.04
003006,百亚股份,14.04,14.01,0.21,6015961.0,84655839.39
003007,直真科技,39.02,39.22,-0.51,1908193.0,75089861.9
003008,开普检测,20.05,19.9,0.75,747950.0,14935396.1
003009,中天火箭,46.98,47.28,-0.63,2484731.0,117046183.78
003010,若羽臣,30.5,31.1,-1.93,10351414.0,315906421.64
003011,海象新材,20.9,20.42,2.35,1922700.0,39923833.0
003012,东鹏控股,4.79,4.71,1.7,8825800.0,42117915.0
003013,地铁设计,14.94,16.07,-7.03,15290591.0,230314530.0
003015,日久光电,12.23,12.26,-0.24,3251900.0,39969861.0
003016,欣贺股份,7.09,6.98,1.58,3512100.0,24821808.0
003017,大洋生物,23.41,23.07,1.47,1628460.0,37966092.0
003018,金富科技,44.89,47.05,-4.59,22610316.0,1033279236.76
003019,宸展光电,26.88,26.5,1.43,5058253.0,136251167.63
003020,立方制药,18.65,18.75,-0.53,5021703.0,93962308.53
003021,兆威机电,70.43,71.55,-1.57,2478342.0,175770864.6
003022,联泓新科,20.09,20.05,0.2,6950350.0,139889107.4
003023,彩虹集团,27.39,27.28,0.4,1784849.0,48926172.7
003025,思进智能,12.47,12.46,0.08,2257792.0,28180526.06
003026,中晶科技,29.24,29.75,-1.71,4721053.0,139567903.85
003027,同兴科技,16.87,16.85,0.12,1286300.0,21739998.0
003028,振邦智能,22.85,22.8,0.22,750850.0,17233167.3
003029,吉大正元,17.1,16.93,1.0,3826300.0,65662647.0
003030,祖名股份,24.11,21.92,9.99,6546239.0,151379397.29
003031,中瓷电子,126.65,131.35,-3.58,10170420.0,1319807797.1
003032,传智教育,10.44,10.45,-0.1,72953244.0,780872266.12
003033,征和工业,68.37,68.98,-0.88,1710700.0,117613718.0
003035,南网能源,5.71,5.69,0.35,41519218.0,237540734.96
003036,泰坦股份,54.19,53.96,0.43,8826200.0,486612340.0
003037,三和管桩,5.74,5.7,0.7,2680500.0,15375043.0
003038,鑫铂股份,11.02,10.96,0.55,2919020.0,32200328.0
003039,顺控发展,12.09,11.91,1.51,3883200.0,46908046.0
003040,楚天龙,18.5,18.73,-1.23,129805711.0,2444580910.9
003041,真爱美家,38.67,38.35,0.83,1596876.0,62069711.04
003042,中农联合,15.05,14.55,3.44,10831152.0,161590661.16
003043,华亚智能,82.75,80.13,3.27,7580079.0,637350057.2
003816,中国广核,4.24,4.18,1.44,136716835.0,577139858.53
300001,特锐德,34.91,34.91,0.0,12504727.0,438372314.17
300002,神州泰岳,8.03,7.98,0.63,28782231.0,232432969.19
300003,乐普医疗,12.06,12.14,-0.66,11241797.0,135663218.2
300004,南风股份,8.65,8.89,-2.7,34128424.0,300655585.4
300005,探路者,11.41,10.66,7.04,85591175.0,975644025.79
300006,莱美药业,5.83,6.08,-4.11,56525497.0,329501883.22
300007,汉威科技,31.18,31.59,-1.3,5990432.0,188795538.07
300008,天海防务,6.29,6.22,1.13,43722035.0,275094691.75
300009,安科生物,8.52,8.8,-3.18,53229536.0,456318821.36
300010,ST豆神,3.09,3.11,-0.64,176954322.0,560918393.96
300011,鼎汉技术,6.13,6.05,1.32,5702400.0,34815294.0
300012,华测检测,15.06,15.05,0.07,22357238.0,337168804.25
300013,新宁物流,4.25,4.45,-4.49,32804450.0,140617568.0
300014,亿纬锂能,54.32,55.47,-2.07,26870167.0,1471148154.43
300015,爱尔眼科,8.25,8.52,-3.17,122109960.0,1014488630.12
300016,北陆药业,9.02,9.35,-3.53,45672222.0,415271672.66
300017,网宿科技,15.31,15.47,-1.03,240561666.0,3811569131.34
300018,中元股份,11.62,11.67,-0.43,9726993.0,113966215.57
300019,硅宝科技,14.63,14.71,-0.54,4456208.0,65733724.72
300020,ST银江,3.44,3.32,3.61,16512000.0,55102661.0
300021,大禹节水,4.1,4.1,0.0,28115987.0,115318007.77
300022,吉峰科技,8.4,8.31,1.08,15704200.0,130941533.0
300024,机器人,14.42,14.6,-1.23,22822777.0,330611203.15
300025,华星创业,5.4,5.41,-0.18,8553871.0,46172135.69
300026,红日药业,3.45,3.48,-0.86,49326429.0,170159035.64
300027,ST华谊,1.79,1.78,0.56,17760668.0,31615370.47
300030,阳普医疗,6.98,6.92,0.87,5092500.0,35381969.0
300031,宝通科技,21.16,21.34,-0.84,10514636.0,224331109.6
300032,金龙机电,3.93,3.89,1.03,14657204.0,57567489.6
300033,同花顺,230.5,233.22,-1.17,13446084.0,3125842932.56
300034,钢研高纳,16.05,16.02,0.19,9402927.0,151616502.59
300035,中科电气,13.58,13.57,0.07,13165244.0,178934805.51
300036,超图软件,10.51,10.38,1.25,13074126.0,137759419.55
300037,新宙邦,65.41,65.39,0.03,15753124.0,1048127852.67
300039,上海凯宝,5.72,5.97,-4.19,49233000.0,285372383.3
300040,九洲集团,5.78,5.91,-2.2,25228620.0,146595710.4
300041,回天新材,10.91,10.96,-0.46,17191433.0,188432297.6
300042,朗科科技,39.6,40.74,-2.8,10438501.0,420426958.74
300043,星辉娱乐,4.47,4.47,0.0,21543700.0,96234025.0
300044,*ST赛为,5.36,5.42,-1.11,11322500.0,61082467.0
300045,华力创通,12.37,12.33,0.32,11617634.0,144117370.9
300046,台基股份,24.64,25.03,-1.56,4935911.0,122814595.1
300047,天源迪科,9.36,9.34,0.21,11603340.0,109260819.95
300048,合康新能,5.11,4.98,2.61,24876324.0,126703856.59
300049,福瑞医科,41.99,42.29,-0.71,5359800.0,227489801.42
300050,世纪鼎利,6.54,6.39,2.35,22676600.0,147860363.0
300051,琏升科技,8.4,8.44,-0.47,10726100.0,90188022.0
300052,中青宝,10.58,10.76,-1.67,11294200.0,120203383.0
300053,航宇微,12.12,12.12,0.0,11394200.0,138005855.4
300054,鼎龙股份,72.5,75.0,-3.33,24051137.0,1778721003.34
300055,万邦达,6.16,6.05,1.82,16976868.0,104635237.24
300056,中创环保,8.49,8.38,1.31,6792350.0,57118551.5
300057,万顺新材,6.96,6.69,4.04,44854454.0,307784117.02
300058,蓝色光标,13.37,13.55,-1.33,392980017.0,5356430071.58
300059,东方财富,19.42,19.62,-1.02,180308294.0,3513704072.24
300061,旗天科技,6.15,6.29,-2.23,23053940.0,142617189.24
300062,中能电气,6.19,6.18,0.16,13353416.0,82312269.16
300063,天龙集团,8.77,8.75,0.23,62022305.0,549195026.98
300065,海兰信,15.33,15.46,-0.84,21017765.0,324402926.13
300066,三川智慧,4.99,5.02,-0.6,9764500.0,48809314.0
300067,安诺其,5.53,5.29,4.54,78701299.0,431486604.75
300068,ST南都,4.07,4.0,1.75,35892900.0,145688983.0
300069,金利华电,26.13,26.43,-1.14,7900573.0,208006453.53
300070,碧水源,3.5,3.47,0.86,27969039.0,97419273.55
300071,福石控股,4.08,4.09,-0.24,87392667.0,363196349.79
300072,海新能科,3.89,3.71,4.85,50872320.0,194596369.36
300073,当升科技,41.05,41.31,-0.63,9057216.0,373011588.37
300074,华平股份,3.85,3.89,-1.03,15660075.0,60546161.75
300075,数字政通,10.77,11.0,-2.09,13741285.0,149310526.5
300076,*ST宁视,4.54,4.55,-0.22,4250100.0,19334049.0
300077,国民技术,20.29,20.47,-0.88,32636331.0,667685531.34
300078,思创智联,3.16,3.14,0.64,16685021.0,52604367.15
300079,数码视讯,4.56,4.57,-0.22,19887927.0,91096870.66
300080,易成新能,3.83,3.82,0.26,17437140.0,66075851.75
300081,ST恒信,3.11,3.07,1.3,7164327.0,22180664.7
300082,奥克股份,8.65,8.6,0.58,20510719.0,178996435.02
300083,创世纪,13.37,13.43,-0.45,116576289.0,1606244115.38
300084,海默科技,10.46,10.25,2.05,7880200.0,82239860.0
300085,银之杰,31.82,31.67,0.47,83668482.0,2687410259.86
300086,康芝药业,6.76,6.8,-0.59,10673100.0,72092876.0
300087,ST荃银,6.14,5.83,5.32,33535769.0,200322968.64
300088,长信科技,6.99,7.1,-1.55,91658099.0,650215198.76
300091,*ST金灵,2.49,2.49,0.0,4832182.0,11984238.36
300092,科新机电,11.98,12.03,-0.42,3637800.0,43931366.98
300093,金刚光伏,24.2,25.5,-5.1,8309800.0,206188123.23
300094,国联水产,3.19,3.0,6.33,114307893.0,359482235.01
300095,华伍股份,8.32,8.15,2.09,4982074.0,41165442.23
300096,ST易联众,8.97,9.04,-0.77,1984682.0,17779280.08
300097,智云股份,10.03,10.21,-1.76,14833300.0,149876983.0
300098,高新兴,4.67,4.55,2.64,52747251.0,247375788.03
300099,尤洛卡,5.98,6.02,-0.66,6578000.0,39542477.0
300100,双林股份,21.52,21.75,-1.06,6274832.0,136616718.39
300101,振芯科技,14.32,14.24,0.56,4930793.0,70677576.83
300102,乾照光电,18.01,18.23,-1.21,17139600.0,310528466.0
300103,达刚控股,7.98,7.82,2.05,5136300.0,40612234.0
300105,龙源技术,7.62,7.69,-0.91,15835700.0,120423663.0
300106,西部牧业,11.12,10.72,3.73,14140511.0,155999017.0
300107,建新股份,6.96,6.8,2.35,15858100.0,110213287.0
300109,新开源,14.21,15.25,-6.82,42179090.0,613367140.49
300110,华仁药业,2.96,2.92,1.37,38129787.0,112613923.99
300111,向日葵,3.13,3.11,0.64,33686301.0,105310961.13
300112,万讯自控,10.26,10.7,-4.11,23699598.0,244176904.14
300113,顺网科技,16.28,16.21,0.43,22377496.0,367846023.07
300115,长盈精密,23.78,24.07,-1.2,37768541.0,908861564.48
300118,东方日升,9.84,9.75,0.92,22545308.0,222645718.12
300119,瑞普生物,17.3,17.2,0.58,4256797.0,73133402.22
300120,经纬辉开,9.43,9.56,-1.36,70362994.0,665147556.56
300121,阳谷华泰,9.85,9.87,-0.2,7036400.0,69538118.0
300122,智飞生物,14.2,15.0,-5.33,69911989.0,1011078272.73
300123,ST亚光,4.51,4.58,-1.53,20922600.0,95057268.0
300124,汇川技术,62.05,62.12,-0.11,14542668.0,904780097.35
300125,聆达股份,9.69,10.12,-4.25,16520254.0,163208992.26
300126,锐奇股份,6.63,6.59,0.61,4290000.0,28395466.0
300127,银河磁体,25.07,25.38,-1.22,3767200.0,95019222.0
300128,锦富技术,4.88,4.98,-2.01,33432130.0,163713374.4
300129,泰胜风能,7.32,7.36,-0.54,10203346.0,75011801.78
300130,新国都,19.71,19.88,-0.86,17421922.0,348054971.82
300131,英唐智控,16.83,16.88,-0.3,88643369.0,1525373984.63
300132,诺斯贝尔,6.42,6.43,-0.16,10662000.0,68225931.0
300133,华策影视,6.91,6.93,-0.29,45767267.0,318889583.23
300134,大富科技,8.49,8.45,0.47,9157515.0,77867309.28
300135,宝利国际,3.58,3.53,1.42,21753700.0,77349548.0
300136,信维通信,60.34,62.07,-2.79,60358757.0,3718498136.58
300137,先河环保,11.44,11.73,-2.47,12951100.0,149781922.0
300138,晨光生物,11.76,11.48,2.44,8867800.0,103215334.0
300139,晓程科技,54.98,54.53,0.83,54157962.0,2923851639.11
300140,节能环境,5.5,5.46,0.73,9570444.0,52468664.24
300141,和顺电气,10.02,9.95,0.7,4982400.0,49854713.0
300142,沃森生物,14.28,15.58,-8.34,211639812.0,3088983941.34
300143,盈康生命,7.72,7.86,-1.78,7879310.0,61132159.7
300144,宋城演艺,5.93,5.89,0.68,27781800.0,164225582.04
300145,南方泵业,4.61,4.58,0.66,148430382.0,703185532.49
300146,汤臣倍健,9.84,9.83,0.1,5111151.0,50165861.7
300147,*ST香雪,6.59,6.68,-1.35,7957736.0,52726384.68
300148,天舟文化,3.43,3.4,0.88,17269300.0,59062785.0
300149,睿智医药,9.68,9.93,-2.52,22253862.0,217059480.85
300150,世纪瑞尔,4.26,4.28,-0.47,9666800.0,41381451.0
300151,昌红科技,16.07,16.53,-2.78,9926878.0,161925709.26
300152,*ST动力,1.74,1.75,-0.57,21147200.0,37314410.0
300153,科泰电源,21.88,22.27,-1.75,5769100.0,127593685.0
300154,瑞凌股份,12.15,12.12,0.25,19212100.0,232539869.0
300155,安居宝,4.62,4.48,3.12,13982365.0,64233886.95
300157,新锦动力,4.11,4.06,1.23,27311600.0,111527301.0
300158,振东制药,5.28,5.25,0.57,14412990.0,75877595.46
300159,新研股份,3.06,3.03,0.99,53230259.0,161551058.0
300160,秀强股份,4.43,4.4,0.68,4295728.0,18985286.08
300161,华中数控,26.44,26.78,-1.27,3323600.0,88600515.0
300162,雷曼光电,7.63,7.74,-1.42,16233200.0,125765024.0
300163,先锋新材,7.56,7.57,-0.13,76822500.0,587977690.0
300164,通源石油,10.19,9.83,3.66,72213900.0,732127998.0
300165,天瑞仪器,5.46,5.26,3.8,21418400.0,116499413.0
300166,东方国信,12.61,13.17,-4.25,57315268.0,736449665.9
300167,ST迪威迅,4.15,4.03,2.98,6201300.0,25847983.0
300168,万达信息,4.96,4.96,0.0,18995400.0,94701003.0
300169,天晟新材,5.52,5.58,-1.08,4989200.0,27724863.0
300170,汉得信息,16.64,15.3,8.76,140453632.0,2360785076.31
300171,东富龙,15.17,14.99,1.2,28978357.0,444974361.24
300172,中电环保,4.67,4.65,0.43,7357550.0,34249609.9
300173,ST福能,3.29,3.31,-0.6,6243100.0,20424593.0
300174,元力股份,19.4,19.63,-1.17,13034500.0,256095388.0
300175,朗源股份,6.05,5.94,1.85,7163100.0,43042319.0
300176,鸿特科技,4.74,4.73,0.21,16988879.0,79441836.49
300177,中海达,6.42,6.48,-0.93,9208950.0,59500069.5
300179,四方达,36.28,37.47,-3.18,34541587.0,1283076114.6
300180,华峰超纤,4.78,4.86,-1.65,56392769.0,270890377.7
300181,佐力药业,13.83,14.21,-2.67,20980178.0,289455572.26
300182,捷成股份,4.92,4.93,-0.2,76994065.0,381122741.15
300183,东软载波,10.64,10.66,-0.19,3421300.0,36450110.0
300184,力源信息,12.26,12.35,-0.73,54298311.0,674591092.89
300185,通裕重工,2.74,2.72,0.74,54947300.0,149690812.0
300187,永清环保,4.76,4.68,1.71,8066500.0,38278935.0
300188,国投智能,10.49,10.41,0.77,14261058.0,151707029.33
300189,神农种业,6.62,6.63,-0.15,360350140.0,2415861381.31
300190,维尔利,3.77,3.74,0.8,17824159.0,66963529.43
300191,潜能恒信,38.03,37.49,1.44,12091047.0,463681592.08
300192,科德教育,17.38,17.05,1.94,25699370.0,445037751.5
300193,佳士科技,8.01,7.96,0.63,3920400.0,31358784.0
300194,福安药业,4.07,4.03,0.99,26350799.0,106522451.43
300195,长荣股份,5.96,5.94,0.34,18872500.0,112641383.0
300196,长海股份,17.11,17.06,0.29,11595099.0,200541696.28
300197,节能铁汉,2.07,2.05,0.98,94623118.0,193469427.54
300198,*ST纳川,2.39,2.36,1.27,7145100.0,16935140.0
300199,翰宇药业,23.45,23.34,0.47,37388694.0,880951295.22
300200,高盟新材,8.6,8.59,0.12,6515900.0,56163249.0
300201,海伦哲,13.99,14.32,-2.3,24998624.0,353790860.36
300203,聚光科技,13.1,13.36,-1.95,6164500.0,81380275.0
300204,舒泰神,21.45,21.88,-1.97,14079293.0,304442279.38
300205,*ST天喻,4.98,4.93,1.01,2322100.0,11345453.0
300206,理邦仪器,11.75,11.83,-0.68,6573776.0,77604967.0
300207,欣旺达,17.93,18.09,-0.88,29636196.0,530906465.42
300209,行云科技,33.53,35.48,-5.5,65101849.0,2224909275.48
300210,森远股份,8.42,8.25,2.06,9412300.0,79705096.0
300211,*ST亿通,7.74,7.67,0.91,1486545.0,11449175.5
300212,*ST易录,7.73,7.67,0.78,8656817.0,67070175.39
300213,佳讯飞鸿,6.39,6.37,0.31,7191200.0,45978459.0
300214,日科化学,13.06,12.01,8.74,70131629.0,896770859.67
300215,电科院,6.69,6.43,4.04,43892460.0,293280112.0
300217,东方电热,4.23,4.24,-0.24,14645100.0,62020729.0
300218,安利股份,12.85,12.73,0.94,1777300.0,22875251.0
300219,鸿利智汇,7.04,7.05,-0.14,13066024.0,92400593.72
300220,金运激光,11.25,11.07,1.63,2219700.0,24910212.0
300221,银禧科技,13.75,13.93,-1.29,15682700.0,217767817.0
300222,科大智能,10.15,10.17,-0.2,14824900.0,151376945.0
300223,君正股份,135.7,140.48,-3.4,21470313.0,2956874436.28
300224,正海磁材,11.41,11.51,-0.87,19564659.0,223304936.74
300225,金力泰,7.15,7.15,0.0,13988380.0,99416900.6
300226,上海钢联,16.78,16.71,0.42,10005589.0,169049719.46
300227,光韵达,13.09,13.03,0.46,36699892.0,479363358.46
300228,富瑞特装,7.51,7.45,0.81,11727513.0,87520050.91
300229,拓尔思,13.29,13.31,-0.15,37664015.0,510189715.39
300230,永利股份,4.39,4.38,0.23,9165099.0,40074533.65
300231,银信科技,8.38,8.29,1.09,12575163.0,106116530.7
300232,洲明科技,5.47,5.49,-0.36,11133200.0,60921831.0
300233,金城医药,13.32,13.5,-1.33,7569593.0,101132518.9
300234,开尔新材,10.12,10.19,-0.69,11600000.0,118927183.0
300235,方直科技,10.89,10.91,-0.18,5288600.0,57903064.0
300236,上海新阳,87.78,90.61,-3.12,6188498.0,552179275.23
300237,ST美晨,2.21,2.01,9.95,50701654.0,108575207.66
300238,冠昊生物,12.0,11.95,0.42,4152569.0,49592454.1
300239,东宝生物,5.17,5.17,0.0,5905100.0,30545498.0
300240,飞力达,6.14,6.12,0.33,6305900.0,38595104.0
300241,瑞丰光电,5.8,5.85,-0.85,15211700.0,88590454.0
300242,佳云科技,4.05,4.05,0.0,11948833.0,48416023.32
300243,瑞丰高材,17.16,17.11,0.29,25705721.0,447414206.39
300244,迪安诊断,18.66,18.82,-0.85,31058697.0,588948566.05
300245,ST天玑,6.01,5.93,1.35,9996357.0,60550618.59
300246,宝莱特,14.95,15.23,-1.84,12085799.0,182093795.55
300247,融捷健康,3.79,3.79,0.0,9596800.0,36444051.0
300248,新开普,8.77,8.81,-0.45,8441100.0,74741611.0
300249,依米康,13.0,13.27,-2.03,17510758.0,230503460.85
300250,初灵信息,15.21,15.3,-0.59,6242500.0,96137595.0
300251,光线传媒,10.92,10.93,-0.09,23561098.0,257898967.06
300252,金信诺,11.76,11.98,-1.84,27523400.0,327883256.0
300253,卫宁健康,6.87,6.82,0.73,56949277.0,394996647.05
300254,仟源医药,9.01,9.2,-2.07,13056100.0,117972174.0
300255,常山药业,24.4,24.58,-0.73,16822254.0,412113629.01
300256,星星科技,2.89,2.91,-0.69,30370500.0,88183549.0
300257,开山股份,18.74,18.57,0.92,8310436.0,157200028.92
300258,精锻科技,9.47,9.56,-0.94,5943362.0,56509341.34
300259,新天科技,4.41,4.45,-0.9,25613899.0,113959490.54
300260,新莱应材,59.28,60.89,-2.64,10860110.0,652295194.91
300261,雅本化学,5.13,5.05,1.58,14749700.0,75391370.0
300263,隆华科技,10.62,10.58,0.38,53942224.0,581380140.7
300264,佳创视讯,6.51,6.54,-0.46,7874100.0,51778045.0
300265,通光线缆,14.26,14.31,-0.35,17642607.0,252853222.42
300266,兴源环境,1.91,1.9,0.53,14222400.0,27019013.0
300267,尔康制药,3.37,3.42,-1.46,39243600.0,132871698.01
300268,佳沃食品,13.82,13.45,2.75,4941477.0,67897031.61
300269,联建光电,4.98,4.97,0.2,13763400.0,68194658.0
300270,中威电子,11.38,11.49,-0.96,10141500.0,116085352.0
300271,华宇软件,5.69,5.55,2.52,25549804.0,146573407.84
300272,开能健康,5.95,5.93,0.34,6999873.0,41617028.62
300274,阳光电源,97.69,98.84,-1.16,61624286.0,6025872209.95
300275,梅安森,9.08,9.05,0.33,3869480.0,35131400.8
300276,三丰智能,6.4,6.39,0.16,19847548.0,126836530.55
300277,汽轮科技,11.93,12.28,-2.85,20738340.0,250886239.18
300278,华昌达,3.76,3.86,-2.59,25884010.0,96961354.8
300279,和晶科技,5.75,5.71,0.7,8038000.0,46191658.0
300281,金明精机,6.5,6.47,0.46,3980400.0,25865324.0
300283,温州宏丰,13.38,13.42,-0.3,34881522.0,474286941.57
300284,苏交科,5.27,5.23,0.76,11445982.0,60119946.48
300285,国瓷材料,68.9,70.01,-1.59,98160666.0,6870084820.27
300286,安科瑞,19.74,19.78,-0.2,2350400.0,46497591.0
300287,飞利信,3.59,3.62,-0.83,24477070.0,88436277.14
300288,朗玛信息,10.01,10.01,0.0,3906900.0,39305484.0
300289,利德曼,6.1,6.16,-0.97,9810100.0,60201867.0
300290,ST荣科,6.06,6.09,-0.49,20391800.0,125452865.0
300291,百纳千成,5.08,5.07,0.2,23268320.0,118134692.4
300292,吴通控股,4.27,4.29,-0.47,37616500.0,161347596.0
300293,蓝英装备,15.44,16.19,-4.63,7052087.0,110006835.37
300294,博雅生物,14.92,14.93,-0.07,2974500.0,44337199.0
300295,*ST三六,12.58,12.44,1.13,3270504.0,41087930.68
300296,利亚德,5.12,5.15,-0.58,30924100.0,159001041.0
300298,三诺生物,16.08,16.13,-0.31,2404557.0,38689319.7
300299,富春股份,5.39,5.38,0.19,13019500.0,70219675.0
300300,海峡创新,7.81,7.8,0.13,52841921.0,413233581.37
300301,ST长方,3.36,3.28,2.44,13384600.0,45659536.0
300302,同有科技,30.55,32.36,-5.59,45110227.0,1411931722.27
300303,聚飞光电,7.19,7.21,-0.28,29055319.0,210131982.37
300304,云意电气,11.29,11.5,-1.83,13229999.0,151514609.36
300305,裕兴股份,6.25,6.13,1.96,10538900.0,66174833.0
300306,远方信息,10.55,10.4,1.44,2593700.0,27279494.0
300307,慈星股份,7.48,7.53,-0.66,13863200.0,104368514.0
300308,中际旭创,858.35,866.12,-0.9,31719580.0,28048631280.57
300310,宜通世纪,4.38,4.5,-2.67,23920831.0,104863713.9
300311,任子行,5.54,5.54,0.0,65879892.0,376834985.76
300313,天山生物,15.35,16.64,-7.75,37096856.0,587330404.13
300314,戴维医疗,11.86,12.29,-3.5,11046245.0,132530897.05
300315,掌趣科技,3.98,3.96,0.51,41047630.0,163307934.8
300316,晶盛机电,43.65,45.18,-3.39,8892600.0,395418259.79
300317,珈伟新能,4.17,4.23,-1.42,36845600.0,154060990.0
300318,博晖创新,5.14,5.12,0.39,8430200.0,43228516.0
300319,麦捷科技,20.91,18.99,10.11,204550958.0,4317472600.38
300320,海达股份,8.45,8.44,0.12,3841113.0,32526056.98
300321,同大股份,33.58,32.0,4.94,4371801.0,145476614.62
300322,硕贝德,17.61,17.99,-2.11,14720008.0,263602533.9
300323,华灿光电,11.81,12.03,-1.83,58176395.0,699980309.68
300324,旋极信息,3.53,3.49,1.15,27919659.0,98535164.84
300326,ST凯利,6.2,6.16,0.65,5735600.0,35637263.0
300327,中颖电子,24.22,24.22,0.0,10747607.0,261662562.84
300328,宜安科技,17.79,17.21,3.37,62175870.0,1095320368.46
300329,海伦钢琴,12.09,12.2,-0.9,2334300.0,28422944.0
300331,苏大维格,47.66,49.81,-4.32,11080181.0,535814011.4
300332,天壕能源,5.01,5.02,-0.2,17209653.0,86225262.23
300333,兆日科技,12.94,13.78,-6.1,67692328.0,887133487.58
300334,津膜科技,8.15,8.05,1.24,7735900.0,63145324.0
300335,迪森股份,5.6,5.56,0.72,11770135.0,65746070.65
300337,银邦股份,9.83,9.97,-1.4,19352107.0,191590710.33
300338,*ST开元,3.19,3.19,0.0,7906100.0,25338130.0
300339,润和软件,35.83,35.81,0.06,26081691.0,951687192.54
300340,科恒股份,9.01,8.96,0.56,5480500.0,49370731.0
300341,麦克奥迪,13.28,13.28,0.0,3725625.0,49406820.75
300342,天银机电,32.32,32.58,-0.8,9571936.0,311359339.86
300343,联创股份,5.85,5.83,0.34,25814549.0,150883760.61
300345,华民股份,8.17,8.22,-0.61,71428200.0,597131874.7
300346,南大光电,55.66,56.61,-1.68,31231998.0,1769739803.59
300347,泰格医药,49.85,50.78,-1.83,11061378.0,556543218.3
300348,长亮科技,10.06,10.19,-1.28,22906945.0,232012696.26
300349,金卡智能,10.28,10.26,0.19,4491800.0,46257102.83
300350,华鹏飞,4.44,4.43,0.23,10594120.0,46926129.6
300351,永贵电器,14.09,14.26,-1.19,6126399.0,87425237.53
300352,ST信源,2.62,2.47,6.07,49733997.0,129791296.14
300353,东土科技,18.6,18.83,-1.22,10910583.0,204959646.89
300354,东华测试,27.64,27.0,2.37,2477112.0,68189103.66
300355,蒙草生态,2.89,2.87,0.7,25187100.0,72551829.0
300357,我武生物,22.91,23.36,-1.93,10315350.0,236673698.0
300358,楚天科技,9.05,9.18,-1.42,29642322.0,270962142.67
300359,全通教育,4.35,4.2,3.57,18431855.0,79264025.7
300360,炬华科技,11.58,11.52,0.52,3314676.0,38258662.08
300363,博腾股份,19.75,20.2,-2.23,21302632.0,424081429.09
300364,中文在线,22.73,22.58,0.66,52541714.0,1202568293.62
300365,恒华科技,4.75,4.71,0.85,7992150.0,38016054.5
300366,ST创意,5.26,5.15,2.14,7159800.0,37595172.0
300368,汇金股份,9.38,9.62,-2.49,95950717.0,910031464.82
300369,绿盟科技,7.23,6.97,3.73,77783892.0,573864500.03
300370,安控科技,2.26,2.3,-1.74,23915830.0,54181887.8
300371,汇中股份,10.45,10.69,-2.25,4432786.0,46130291.76
300373,扬杰科技,94.43,96.93,-2.58,11359652.0,1090999803.94
300374,中铁装配,11.01,10.78,2.13,3208800.0,35049023.0
300375,鹏翎股份,4.22,4.13,2.18,21363954.0,89895818.77
300376,易事特,4.62,4.61,0.22,10715299.0,49640578.38
300377,赢时胜,15.16,15.6,-2.82,63180209.0,967620890.95
300378,鼎捷数智,37.45,31.21,19.99,13968403.0,518327563.75
300380,安硕信息,29.98,30.13,-0.5,3293000.0,99038980.0
300381,溢多利,6.15,6.15,0.0,8345500.0,51136594.0
300382,斯莱克,17.58,18.01,-2.39,20854602.0,371481463.04
300383,光环新网,12.24,12.4,-1.29,41544265.0,512335500.92
300384,三联虹普,12.18,12.13,0.41,2422792.0,29677626.0
300385,ST雪浪,12.76,12.48,2.24,5589300.0,70840138.0
300386,飞天诚信,12.2,12.44,-1.93,18973871.0,236343566.58
300387,富邦科技,7.94,7.73,2.72,13220599.0,103187009.04
300388,节能国祯,7.06,6.96,1.44,6218835.0,43631135.25
300389,艾比森,12.77,12.9,-1.01,4581260.0,58821986.8
300390,天华新能,64.12,63.2,1.46,38301518.0,2442216361.28
300393,中来股份,6.3,6.23,1.12,15846989.0,99701703.36
300394,天孚通信,263.58,267.16,-1.34,33895960.0,9104490089.29
300395,菲利华,89.79,89.51,0.31,24348761.0,2213900808.87
300396,ST迪瑞,7.22,7.25,-0.41,1869300.0,13531567.0
300397,天和防务,11.02,11.01,0.09,13146296.0,145627299.24
300398,飞凯材料,35.52,36.51,-2.71,40130490.0,1450527088.44
300399,天利科技,19.07,19.55,-2.46,7468100.0,143375458.0
300400,劲拓股份,31.2,31.61,-1.3,13175014.0,417464460.5
300401,花园生物,14.8,15.2,-2.63,20878190.0,309538542.17
300402,宝色股份,15.15,15.08,0.46,2466400.0,37280238.0
300403,汉宇集团,9.42,9.29,1.4,7629516.0,71650782.8
300404,博济医药,13.24,13.93,-4.95,62165619.0,849669815.94
300405,科隆股份,5.83,5.77,1.04,8838300.0,51639029.0
300406,九强生物,11.73,11.77,-0.34,3801700.0,44524625.0
300407,凯发电气,11.95,11.88,0.59,6877001.0,82293307.07
300408,三环集团,112.24,112.48,-0.21,61597474.0,7096186932.63
300409,道氏技术,18.33,18.52,-1.03,11815176.0,218010159.96
300410,正业科技,8.05,8.02,0.37,13904070.0,112448801.1
300411,金盾股份,7.98,8.03,-0.62,6738600.0,54013349.0
300412,迦南科技,4.67,4.66,0.21,8044610.0,37527446.6
300413,芒果超媒,14.15,14.18,-0.21,9630370.0,136502503.52
300414,中光防雷,10.75,10.84,-0.83,3960487.0,42847932.87
300415,伊之密,19.7,19.8,-0.51,3581300.0,70773791.0
300416,苏试试验,14.45,14.61,-1.1,10199600.0,148374204.0
300417,南华仪器,11.42,11.33,0.79,2000900.0,22872462.0
300418,昆仑万维,40.4,40.89,-1.2,71569506.0,2945713037.99
300419,ST浩丰,8.98,8.98,0.0,7727100.0,69578909.0
300420,五洋自控,8.13,8.76,-7.19,116336197.0,974212778.4
300421,力星股份,16.48,16.7,-1.32,3555700.0,59226678.0
300422,博世科,4.2,4.16,0.96,9052200.0,37932987.0
300423,昇辉科技,5.8,5.92,-2.03,9506700.0,55184262.0
300424,航新科技,13.18,14.01,-5.92,18889481.0,250788578.52
300425,中建环能,4.12,4.08,0.98,10428880.0,42802857.44
300426,华智数媒,6.28,6.28,0.0,10698800.0,67380141.0
300427,红相股份,6.52,6.73,-3.12,25291519.0,165995692.93
300428,立中集团,19.63,19.13,2.61,10479012.0,204899003.02
300429,强力新材,11.67,11.36,2.73,27987558.0,327820987.82
300430,*ST益通,4.46,4.41,1.13,5591720.0,24759534.4
300432,富临精工,15.24,15.63,-2.5,47957388.0,732451854.07
300433,蓝思科技,38.23,39.05,-2.1,121996552.0,4788590119.41
300434,金石亚药,11.48,11.77,-2.46,14782000.0,169717695.0
300435,中泰股份,17.09,17.09,0.0,6019600.0,103002967.0
300436,广生堂,92.28,95.3,-3.17,4055062.0,380186085.27
300437,清水源,11.57,11.52,0.43,9955183.0,114495816.02
300438,鹏辉能源,60.86,62.33,-2.36,23627517.0,1438686671.05
300439,美康生物,9.37,9.4,-0.32,2656200.0,24982189.0
300440,运达科技,19.61,19.19,2.19,17731300.0,346142492.0
300441,鲍斯股份,7.0,6.79,3.09,10195168.0,71069356.08
300442,润泽科技,63.12,63.69,-0.89,23595639.0,1518460566.64
300443,金雷股份,18.68,18.83,-0.8,3057300.0,57212548.0
300444,双杰电气,9.26,9.68,-4.34,42120335.0,394001712.85
300445,康斯特,18.78,18.76,0.11,2179900.0,41030387.0
300446,航天智造,13.08,13.2,-0.91,5465300.0,71854315.0
300447,全信股份,13.99,13.93,0.43,4701088.0,66049796.5
300448,浩云科技,5.63,5.69,-1.05,11208600.0,63733719.0
300449,汉邦高科,7.21,7.26,-0.69,5569900.0,40244408.0
300450,先导智能,33.44,33.77,-0.98,21678834.0,730152219.72
300451,创业慧康,3.52,3.5,0.57,23733601.0,84055701.91
300452,山河药辅,12.93,12.94,-0.08,4700150.0,60840384.5
300453,三鑫医疗,9.65,9.71,-0.62,9250322.0,89978397.7
300454,深信服,124.89,120.0,4.08,31861364.0,4118755202.6
300455,航天智装,17.59,17.66,-0.4,4215900.0,74284710.34
300456,赛微电子,40.4,37.06,9.01,125281137.0,5062150801.04
300457,赢合科技,21.35,21.44,-0.42,9095114.0,194764978.6
300458,全志科技,31.0,31.53,-1.68,33873449.0,1064209997.89
300459,汤姆猫,3.59,3.58,0.28,74377677.0,265874284.31
300460,ST惠伦,8.56,8.61,-0.58,2277200.0,19534041.0
300461,田中精机,32.63,32.82,-0.58,3942800.0,130225692.92
300462,ST华铭,11.51,11.48,0.26,398000.0,4597949.0
300463,迈克生物,9.33,9.33,0.0,3933450.0,36645726.8
300464,星徽股份,7.83,8.01,-2.25,9573100.0,75708190.0
300465,高伟达,12.3,12.93,-4.87,26119765.0,328343561.08
300466,赛摩智能,7.45,7.47,-0.27,4765860.0,35619978.8
300467,迅游科技,34.84,33.55,3.85,5022234.0,172304536.68
300468,四方精创,23.57,23.73,-0.67,42083122.0,1003479079.4
300469,信息发展,54.45,60.71,-10.31,13090200.0,720658785.0
300470,中密控股,27.97,27.71,0.94,2255399.0,63064185.03
300471,厚普股份,9.76,9.82,-0.61,4816556.0,47302795.94
300472,*ST新元,7.03,6.87,2.33,4056600.0,28534065.0
300473,德尔股份,27.7,26.9,2.97,12624040.0,352217138.95
300474,景嘉微,50.94,51.02,-0.16,5089499.0,260726504.82
300475,香农芯创,172.1,165.33,4.09,42824015.0,7438527428.55
300476,胜宏科技,241.6,263.05,-8.15,57283269.0,14311950838.65
300477,ST合纵,2.58,2.52,2.38,21874300.0,56261628.0
300478,杭州高新,29.43,29.75,-1.08,1880950.0,55872048.5
300479,神思电子,15.02,14.9,0.81,4431201.0,66747227.54
300480,光力科技,30.99,32.12,-3.52,13037300.0,413202108.0
300481,濮阳惠成,14.31,14.34,-0.21,7639015.0,110005200.94
300482,万孚生物,16.47,16.43,0.24,4240009.0,69827097.46
300483,首华燃气,25.43,25.58,-0.59,9143168.0,232088731.16
300484,蓝海华腾,12.75,12.73,0.16,2431100.0,31204966.0
300485,赛升药业,9.05,9.31,-2.79,7146900.0,65292187.0
300486,东杰智能,18.62,19.3,-3.52,15616225.0,292913493.25
300487,蓝晓科技,63.19,63.5,-0.49,3782444.0,240584137.13
300488,恒锋工具,31.25,31.7,-1.42,4494713.0,141996019.99
300489,光智科技,234.09,242.04,-3.28,12353400.0,2919451878.0
300490,华自科技,11.49,11.49,0.0,13299515.0,152961181.38
300491,通合科技,31.7,32.23,-1.64,20426800.0,667659307.0
300492,华图山鼎,24.13,22.46,7.44,9193293.0,218346004.02
300493,润欣科技,12.8,12.9,-0.78,12567409.0,162103705.28
300494,盛天网络,7.91,7.88,0.38,9516800.0,75450789.0
300496,中科创达,56.52,56.78,-0.46,11130998.0,638121043.69
300497,富祥股份,17.16,17.09,0.41,17935353.0,307905611.77
300498,温氏股份,14.29,14.18,0.78,52126213.0,737432763.72
300499,高澜股份,30.92,31.5,-1.84,32836887.0,1041722770.75
300500,启迪设计,9.49,9.38,1.17,3192600.0,30319698.0
300501,海顺新材,10.03,10.07,-0.4,3113102.0,31461789.02
300502,新易盛,399.0,409.1,-2.47,42560189.0,17548222495.9
300503,昊志机电,67.06,68.94,-2.73,11484548.0,784865146.04
300504,天邑股份,17.75,16.42,8.1,21579917.0,380624129.39
300505,川金诺,21.5,20.64,4.17,35674145.0,753573970.34
300506,名家汇,5.14,5.15,-0.19,15585500.0,80033857.0
300507,苏奥传感,6.58,6.56,0.3,6606400.0,43689943.0
300508,维宏股份,39.4,40.4,-2.48,2958300.0,118803113.0
300509,新美星,8.91,8.82,1.02,4831881.0,42873665.09
300510,金冠股份,3.5,3.47,0.86,24245633.0,84376124.88
300511,雪榕生物,5.72,5.6,2.14,55289663.0,311038697.16
300512,中亚股份,7.33,7.18,2.09,4418206.0,32232871.48
300513,恒实科技,7.44,7.38,0.81,3895900.0,29000803.0
300514,友讯达,10.23,10.17,0.59,2321900.0,23672979.0
300515,三德科技,16.12,16.04,0.5,3638700.0,58751346.0
300516,久之洋,32.9,31.88,3.2,10341930.0,352829301.96
300517,海波重科,10.37,10.35,0.19,3388660.0,35594495.4
300518,新迅达,23.83,23.58,1.06,10598072.0,254292721.76
300519,新光药业,14.75,14.93,-1.21,6226600.0,92575168.0
300520,科大国创,23.63,23.82,-0.8,7085130.0,169971719.14
300521,爱司凯,24.21,24.04,0.71,2428669.0,58698561.63
300522,世名科技,13.93,14.06,-0.92,15404500.0,216883027.0
300523,辰安科技,19.85,20.12,-1.34,1799140.0,35914023.8
300525,博思软件,8.16,8.21,-0.61,15026440.0,124220670.4
300527,ST应急,8.29,8.19,1.22,7615333.0,62738696.96
300528,幸福蓝海,12.82,12.87,-0.39,7205619.0,92924186.5
300529,健帆生物,15.9,15.9,0.0,4401870.0,69890682.9
300530,领湃科技,18.47,18.7,-1.23,4753100.0,87981792.0
300531,优博讯,16.8,16.92,-0.71,12543511.0,213011849.73
300532,今天国际,7.11,6.92,2.75,11436621.0,80692619.65
300533,冰川网络,14.28,14.27,0.07,4249480.0,60839744.1
300534,陇神戎发,15.05,17.3,-13.01,85289650.0,1352964271.5
300535,达威股份,17.06,17.14,-0.47,1755700.0,29973180.0
300536,农尚环境,9.06,9.17,-1.2,6010200.0,55049759.0
300537,广信材料,20.2,20.33,-0.64,6951800.0,142065823.0
300538,同益股份,16.18,15.69,3.12,7259000.0,118799419.0
300539,横河精密,18.23,18.29,-0.33,4340100.0,80289793.0
300540,蜀道装备,28.29,28.54,-0.88,11457420.0,328094644.6
300541,先进数通,10.01,10.13,-1.18,7136780.0,71880459.6
300542,新晨科技,12.69,12.96,-2.08,17082760.0,220596985.8
300543,朗科智能,7.87,7.76,1.42,5015000.0,39437674.0
300545,联得装备,30.85,30.79,0.19,12617342.0,394235923.86
300546,雄帝科技,17.69,18.27,-3.17,12613500.0,226190768.4
300547,川环科技,26.13,27.28,-4.22,9089400.0,242476685.0
300548,长芯博创,212.9,216.01,-1.44,15434829.0,3340916421.4
300549,优德精密,14.51,14.33,1.26,2379100.0,34584800.0
300550,和仁科技,11.78,11.57,1.82,2986619.0,35037420.24
300551,古鳌科技,11.16,10.65,4.79,29742010.0,329961401.8
300552,万集科技,21.24,21.15,0.43,4944338.0,104956707.94
300553,集智股份,42.62,44.62,-4.48,5190195.0,226189778.85
300554,三超新材,21.26,21.26,0.0,2759892.0,59057042.71
300555,ST路通,12.68,12.85,-1.32,494700.0,6355012.0
300556,丝路视觉,16.32,16.19,0.8,3424500.0,55994421.0
300557,理工光科,26.8,26.54,0.98,3211594.0,86905339.32
300558,贝达药业,50.55,51.47,-1.79,14300132.0,733901870.45
300559,佳发教育,10.93,10.73,1.86,5339500.0,58155445.0
300560,中富通,18.62,18.5,0.65,11907000.0,222476133.0
300561,汇金科技,16.71,17.25,-3.13,28124621.0,473351512.22
300562,乐心医疗,18.27,16.82,8.62,37077788.0,666677993.56
300563,神宇股份,24.62,25.06,-1.76,3588112.0,89048476.5
300564,筑博设计,12.46,12.61,-1.19,4233501.0,52458579.02
300565,科信技术,10.02,10.05,-0.3,5927800.0,59708698.0
300566,激智科技,27.89,28.59,-2.45,21838113.0,622049070.6
300567,精测电子,215.6,221.8,-2.8,5315618.0,1169415851.58
300568,星源材质,15.2,15.53,-2.12,60536602.0,932818107.3
300569,天能重工,4.73,4.71,0.42,8972206.0,42349864.08
300570,太辰光,204.3,209.38,-2.43,17296154.0,3585232897.64
300571,平治信息,28.73,29.55,-2.77,9121900.0,267521072.0
300572,安车检测,21.94,21.46,2.24,6874022.0,150806141.0
300573,兴齐眼药,39.15,41.29,-5.18,11134573.0,437177279.22
300575,中旗股份,6.33,6.21,1.93,14750325.0,92760908.0
300576,容大感光,29.86,30.55,-2.26,11457437.0,347347406.57
300577,开润股份,19.16,19.13,0.16,3539100.0,67837009.0
300578,会畅科技,15.05,15.2,-0.99,3032400.0,46266790.0
300579,数字认证,23.12,23.12,0.0,7636655.0,178851601.19
300580,贝斯特,19.67,20.17,-2.48,6929200.0,137677171.0
300581,晨曦航空,10.25,10.15,0.99,11351003.0,116431837.81
300582,英飞特,12.01,11.16,7.62,18466390.0,218330824.62
300583,赛托生物,12.97,13.01,-0.31,2139100.0,27667928.0
300584,海辰药业,31.87,32.52,-2.0,2452248.0,78583241.72
300585,奥联电子,17.12,17.08,0.23,6856514.0,116799403.22
300586,美联新材,9.55,9.63,-0.83,20350018.0,196605773.08
300587,天铁科技,4.82,4.91,-1.83,33060075.0,160992171.0
300588,熙菱信息,21.4,21.01,1.86,4431100.0,95938772.0
300589,江龙船艇,13.41,13.27,1.06,11198821.0,150172028.42
300590,移为通信,11.28,11.17,0.98,18544430.0,209854368.2
300591,万里马,7.66,7.31,4.79,26087750.0,195355776.48
300592,华凯易佰,15.51,15.55,-0.26,11163555.0,174602421.6
300593,新雷能,30.3,32.64,-7.17,47464147.0,1466590212.86
300594,ST朗进,14.58,14.39,1.32,950400.0,13819464.0
300595,欧普康视,10.96,11.05,-0.81,5228000.0,57378239.0
300596,利安隆,41.9,42.99,-2.54,3175500.0,134290843.0
300597,吉大通信,7.92,7.85,0.89,4123600.0,32727523.0
300598,诚迈科技,33.59,32.03,4.87,23128498.0,780866247.22
300599,雄塑科技,11.31,11.5,-1.65,6796400.0,78365144.0
300600,国瑞科技,10.26,10.22,0.39,3253700.0,33399631.0
300601,康泰生物,13.0,13.55,-4.06,34542266.0,454401496.44
300602,飞荣达,42.5,44.55,-4.6,30426754.0,1320954051.58
300603,立昂技术,7.9,7.88,0.25,13663110.0,108326970.0
300604,长川科技,277.11,284.8,-2.7,15339533.0,4295581037.79
300605,恒锋信息,10.19,10.23,-0.39,6820500.0,69975040.0
300606,金太阳,36.79,37.73,-2.49,9779638.0,372079473.0
300607,拓斯达,34.62,35.76,-3.19,36050961.0,1283276967.97
300608,思特奇,9.94,10.13,-1.88,7729101.0,77812066.89
300609,汇纳科技,25.56,25.71,-0.58,2085000.0,53928113.0
300610,晨化股份,10.55,10.45,0.96,3092800.0,32604169.0
300611,美力科技,24.88,24.14,3.07,4826750.0,119315854.5
300612,宣亚国际,11.92,11.97,-0.42,3881600.0,46513463.0
300613,富瀚微,73.85,70.68,4.49,20749500.0,1549661270.79
300614,百川畅银,10.75,10.78,-0.28,1843500.0,19912389.0
300615,欣天科技,14.85,14.95,-0.67,23325424.0,347651362.64
300616,尚品宅配,10.63,10.46,1.63,3497700.0,36968258.0
300617,安靠智电,38.42,38.84,-1.08,6072675.0,235180690.5
300618,寒锐钴业,35.24,35.4,-0.45,5313519.0,187520748.58
300619,金银河,25.95,26.22,-1.03,3834456.0,99955393.76
300620,光库科技,309.93,300.9,3.0,15368621.0,4855860120.59
300621,维业股份,7.33,7.32,0.14,5662950.0,41328835.5
300622,博士眼镜,14.83,14.82,0.07,6961407.0,104342448.62
300623,捷捷微电,29.91,30.96,-3.39,25026953.0,758578746.9
300624,万兴科技,47.22,46.89,0.7,11566828.0,554523900.71
300625,三雄极光,9.66,9.62,0.42,1299500.0,12543214.0
300626,华瑞股份,27.67,28.09,-1.5,6676867.0,186596733.21
300627,华测导航,28.75,27.65,3.98,13582482.0,383776144.4
300628,亿联网络,40.2,39.87,0.83,8087162.0,325017591.46
300629,新劲刚,17.94,17.67,1.53,10108482.0,180191232.68
300631,久吾高科,21.8,21.8,0.0,1018850.0,22222067.0
300632,光莆股份,18.06,18.46,-2.17,8613030.0,158372963.8
300633,开立医疗,19.52,19.56,-0.2,3008776.0,59126954.12
300634,彩讯股份,19.55,19.2,1.82,13060638.0,255814894.59
300635,中达安,12.46,12.38,0.65,4050320.0,50432924.8
300636,同和药业,6.95,6.96,-0.14,4285005.0,29824957.5
300637,扬帆新材,9.76,9.19,6.2,11837133.0,113945255.12
300638,广和通,18.73,18.98,-1.32,8801262.0,166771400.67
300639,凯普生物,6.05,6.12,-1.14,9330217.0,56681000.62
300640,德艺文创,6.96,6.74,3.26,12173669.0,84070445.34
300641,正丹股份,14.49,14.08,2.91,8312446.0,119530016.24
300642,透景生命,18.84,17.3,8.9,42635777.0,793734527.32
300643,万通智控,17.6,17.9,-1.68,3429600.0,60984088.0
300644,南京聚隆,20.8,20.4,1.96,2462620.0,51281682.8
300645,正元智慧,13.46,13.26,1.51,3826200.0,51527438.0
300647,超频三,7.5,7.05,6.38,79723319.0,584149512.34
300648,星云股份,38.81,39.89,-2.71,1776197.0,69747603.95
300649,杭州园林,24.97,25.75,-3.03,2791600.0,70376331.0
300650,太龙股份,11.5,11.56,-0.52,4519370.0,52434410.5
300651,金陵体育,17.02,16.83,1.13,3078804.0,52423136.12
300652,雷迪克,27.93,28.32,-1.38,1241700.0,35092078.0
300653,正海生物,15.07,15.12,-0.33,1296600.0,19562400.0
300654,世纪天鸿,9.76,9.83,-0.71,6414200.0,62998007.0
300655,晶瑞电材,13.21,13.14,0.53,42777075.0,570645663.78
300656,民德电子,25.43,26.12,-2.64,3665900.0,94600219.0
300657,弘信电子,34.73,35.44,-2.0,19327006.0,682889050.89
300658,延江股份,10.51,10.37,1.35,6333580.0,66144022.0
300659,中孚信息,10.58,10.31,2.62,5031164.0,52852828.36
300660,江苏雷利,24.13,24.3,-0.7,4341632.0,105669429.1
300661,圣邦股份,114.5,116.9,-2.05,6485000.0,753469629.66
300662,科锐国际,20.21,20.04,0.85,5759300.0,118076247.0
300663,科蓝软件,8.51,8.61,-1.16,54618902.0,483213905.39
300664,鹏鹞环保,4.7,4.69,0.21,6808700.0,31973230.0
300665,飞鹿股份,9.74,9.7,0.41,6183200.0,60231134.0
300666,江丰电子,239.82,248.18,-3.37,11225769.0,2738863217.12
300667,必创科技,14.58,14.6,-0.14,3985400.0,58411608.0
300668,杰恩股份,32.71,33.23,-1.56,3094900.0,102733236.0
300669,沪宁股份,25.5,24.83,2.7,3063800.0,79451815.0
300670,大烨智能,6.73,6.67,0.9,6559900.0,43933500.0
300671,富满微,55.71,57.02,-2.3,11775368.0,669727771.45
300672,国科微,168.18,171.09,-1.7,6692067.0,1136753353.18
300673,佩蒂股份,13.48,12.81,5.23,5271650.0,70122554.5
300674,宇信科技,17.11,17.09,0.12,32998476.0,570495310.82
300675,建科院,13.13,12.89,1.86,1807000.0,23663998.0
300676,华大基因,39.52,40.78,-3.09,9973448.0,397967298.75
300677,英科医疗,54.3,56.09,-3.19,9843934.0,538636463.05
300678,中科信息,22.1,22.24,-0.63,4048500.0,90126181.1
300679,电连技术,50.29,52.6,-4.39,27149660.0,1402237018.15
300680,隆盛科技,20.3,20.57,-1.31,5154890.0,106219096.01
300681,英搏尔,22.34,21.9,2.01,8144671.0,180316726.53
300682,朗新科技,9.55,9.58,-0.31,11628072.0,111902216.96
300683,海特生物,25.88,26.44,-2.12,3939099.0,102230667.18
300684,中石科技,91.6,89.93,1.86,25126258.0,2292299248.55
300685,艾德生物,17.77,18.11,-1.88,6616380.0,118214613.6
300686,智动力,14.7,15.0,-2.0,7561500.0,112630707.0
300687,赛意信息,26.84,26.82,0.07,20782868.0,567548203.26
300688,创业黑马,30.76,29.84,3.08,10282700.0,317426965.0
300689,澄天伟业,54.75,55.17,-0.76,2837900.0,158681354.0
300690,双一科技,23.9,22.92,4.28,12945182.0,307438614.32
300691,联合光电,14.92,15.22,-1.97,4203900.0,63186582.0
300692,中赋科技,8.94,9.01,-0.78,13811900.0,123896450.0
300693,盛弘股份,40.09,40.83,-1.81,10577290.0,427652213.99
300694,蠡湖股份,10.84,10.64,1.88,4477632.0,48390034.28
300695,兆丰股份,48.1,49.08,-2.0,575525.0,27937358.35
300696,爱乐达,20.81,21.03,-1.05,4516391.0,95126333.28
300697,电工合金,15.4,15.67,-1.72,20161821.0,311225626.78
300698,万马科技,26.27,26.68,-1.54,2609600.0,69299545.0
300699,光威复材,23.99,23.81,0.76,7533062.0,180712813.58
300700,岱勒新材,19.73,20.26,-2.62,7888000.0,156869145.0
300701,森霸传感,10.18,9.99,1.9,6015686.0,61034960.74
300702,天宇股份,21.37,21.6,-1.06,2746280.0,58678011.2
300703,创源股份,13.5,13.36,1.05,3206100.0,43322119.0
300705,九典制药,11.33,11.46,-1.13,7955836.0,89867958.92
300706,阿石创,51.23,52.72,-2.83,7113195.0,372388191.95
300707,威唐工业,12.25,12.25,0.0,2032300.0,24885757.0
300708,聚灿光电,7.98,7.98,0.0,14823630.0,118427413.15
300709,精研科技,41.58,41.48,0.24,22659979.0,962032883.35
300710,万隆光电,30.63,30.08,1.83,5685675.0,172404948.75
300711,广哈通信,18.43,19.23,-4.16,10727117.0,198562567.84
300712,永福股份,20.08,19.89,0.96,1188500.0,23865310.0
300713,英可瑞,13.38,13.52,-1.04,1919300.0,25833697.0
300715,凯伦股份,14.25,14.29,-0.28,10828800.0,157965438.0
300716,*ST泉为,18.99,19.16,-0.89,1441100.0,27719632.0
300717,华信新材,18.4,18.3,0.55,1676500.0,30982528.0
300718,长盛轴承,55.5,56.42,-1.63,5192638.0,290761352.19
300719,安达维尔,12.42,12.16,2.14,4951540.0,61328342.2
300720,海川智能,73.21,78.98,-7.31,22746005.0,1750873174.33
300721,怡达股份,23.03,22.72,1.36,10527700.0,242813878.0
300722,新余国科,21.5,21.28,1.03,2845600.0,61342786.0
300723,一品红,37.12,37.57,-1.2,8498621.0,314905168.57
300724,捷佳伟创,58.21,56.18,3.61,16882683.0,998253111.04
300725,药石科技,45.5,46.83,-2.84,16190996.0,745477684.89
300726,宏达电子,52.74,54.95,-4.02,13333420.0,719111604.78
300727,润禾材料,29.12,29.38,-0.88,3596400.0,104891433.7
300729,乐歌股份,10.42,10.28,1.36,2058200.0,21319113.0
300730,科创信息,11.66,11.73,-0.6,5653299.0,66821844.34
300731,科创新源,42.45,43.1,-1.51,8164679.0,355029905.07
300732,设研院,6.05,6.0,0.83,4379842.0,26445933.68
300733,西菱动力,13.55,13.63,-0.59,4107850.0,55846872.61
300735,光弘科技,20.53,20.93,-1.91,15095335.0,316699658.86
300736,百邦科技,29.94,30.01,-0.23,3434660.0,103232718.6
300737,科顺股份,4.93,4.87,1.23,21844870.0,107044157.37
300738,奥飞数据,20.57,20.86,-1.39,44227676.0,923927355.0
300739,明阳电路,22.75,23.14,-1.69,8006904.0,185204758.45
300740,水羊股份,21.82,21.99,-0.77,17354558.0,380681279.49
300741,华宝股份,14.03,13.9,0.94,3626035.0,50894982.45
300743,天地数码,14.74,14.52,1.52,2337704.0,34283449.96
300745,欣锐科技,28.41,29.33,-3.14,7936999.0,231403278.5
300746,汉嘉数智,14.26,13.95,2.22,9038000.0,127362889.0
300747,锐科激光,37.58,37.17,1.1,20935431.0,792423440.83
300748,金力永磁,27.03,27.41,-1.39,13696785.0,372251812.28
300749,顶固集创,24.87,24.92,-0.2,3279000.0,82365269.0
300750,宁德时代,368.5,373.0,-1.21,26376977.0,9706623341.77
300751,迈为股份,218.3,225.8,-3.32,7052721.0,1574443429.96
300752,隆利科技,11.22,11.15,0.63,6431100.0,72454561.0
300753,爱朋医疗,21.86,22.22,-1.62,4503700.0,98959853.0
300755,华致酒行,11.28,11.2,0.71,2253208.0,25467204.4
300756,金马游乐,29.55,30.76,-3.93,4324900.0,130962253.14
300757,罗博特科,536.7,552.11,-2.79,5189187.0,2847372634.41
300758,七彩化学,11.55,11.48,0.61,13143600.0,150882430.0
300759,康龙化成,43.78,45.1,-2.93,43983017.0,1933686430.86
300760,迈瑞医疗,164.3,162.03,1.4,6741084.0,1100537028.35
300761,立华股份,19.5,19.46,0.21,5782293.0,111890768.65
300762,上海瀚讯,28.58,29.25,-2.29,21410331.0,612162679.26
300763,锦浪科技,62.55,61.75,1.3,12265292.0,774589418.43
300765,石药创新,44.4,46.95,-5.43,26118595.0,1185527812.85
300766,每日互动,21.18,21.28,-0.47,20222487.0,434038434.72
300767,震安科技,18.8,19.36,-2.89,8275054.0,158225342.4
300768,迪普科技,14.93,14.7,1.56,10537627.0,159307132.08
300769,德方纳米,46.09,46.97,-1.87,13152155.0,607125556.86
300770,新媒股份,34.1,33.37,2.19,2126705.0,72397818.13
300771,智莱科技,11.86,11.93,-0.59,3754550.0,44659986.0
300772,运达股份,9.77,11.09,-11.9,46335941.0,455929808.73
300773,拉卡拉,15.92,16.37,-2.75,53544085.0,860748427.49
300774,倍杰特,11.42,11.23,1.69,11520500.0,131019546.0
300775,三角防务,22.39,21.46,4.33,25589322.0,573574408.25
300776,帝尔激光,112.4,115.81,-2.94,6519310.0,750726759.93
300777,中简科技,22.77,22.77,0.0,4638455.0,105999995.04
300778,新城市,10.75,10.43,3.07,7340500.0,78527539.0
300779,惠城环保,64.36,68.53,-6.08,9522821.0,627916699.39
300780,德恩精工,19.69,20.08,-1.94,4680100.0,93132618.0
300781,因赛集团,26.14,26.02,0.46,4226500.0,111357027.53
300782,卓胜微,77.39,80.0,-3.26,8423018.0,662503494.9
300783,三只松鼠,17.25,17.11,0.82,5302412.0,91158268.02
300784,利安科技,41.84,41.65,0.46,393600.0,16465373.0
300785,值得买,33.69,32.86,2.53,13291412.0,447267048.44
300786,国林科技,15.0,16.06,-6.6,13226420.0,201570972.0
300787,海能实业,9.88,10.01,-1.3,3559043.0,35407597.56
300788,中信出版,23.5,23.48,0.09,2396300.0,56539399.0
300789,唐源电气,16.49,18.02,-8.49,8364600.0,138040232.3
300790,宇瞳光学,18.93,19.74,-4.1,23845371.0,456139180.0
300791,仙乐健康,17.54,17.37,0.98,1690949.0,29461112.71
300792,壹网壹创,23.28,23.26,0.09,4964501.0,116432195.73
300793,佳禾智能,11.37,11.33,0.35,4819230.0,55151759.2
300795,米奥会展,13.31,13.76,-3.27,35726768.0,490327965.79
300796,贝斯美,6.99,6.84,2.19,5497600.0,38155459.0
300797,钢研纳克,13.87,13.86,0.07,3770092.0,52265475.6
300798,锦鸡股份,8.55,7.88,8.5,59325046.0,501686890.16
300800,力合科技,10.3,10.13,1.68,2816062.0,28798573.36
300801,泰和科技,23.26,23.13,0.56,3997499.0,93004960.78
300802,矩子科技,23.48,23.3,0.77,9276320.0,221095366.6
300803,指南针,86.18,87.45,-1.45,24104079.0,2089625015.05
300804,广康生化,44.76,44.2,1.27,1200800.0,53378423.0
300805,电声股份,8.25,8.11,1.73,9845600.0,81649806.0
300806,斯迪克,48.89,51.49,-5.05,29043813.0,1458007044.49
300807,天迈科技,38.8,39.6,-2.02,1148150.0,45114775.5
300808,久量股份,19.92,19.37,2.84,1802100.0,35747175.0
300809,华辰装备,23.36,23.87,-2.14,3259425.0,77043506.4
300810,中科海讯,24.51,25.33,-3.24,2565144.0,63620367.88
300811,铂科新材,78.55,78.87,-0.41,10180578.0,809453075.28
300812,易天股份,19.14,19.33,-0.98,4853700.0,94175984.2
300813,泰林生物,20.95,21.43,-2.24,3062736.0,65268259.0
300814,中富电路,134.19,137.88,-2.68,6916049.0,940077167.07
300815,玉禾田,15.88,16.02,-0.87,4799236.0,76954197.2
300816,艾可蓝,63.3,59.96,5.57,9857609.0,630340221.12
300817,双飞集团,16.18,16.33,-0.92,7079275.0,116104620.9
300818,耐普矿机,19.28,19.14,0.73,2698180.0,52126846.0
300819,聚杰微纤,45.85,46.78,-1.99,2535200.0,118277495.0
300820,英杰电气,53.28,53.78,-0.93,8967729.0,496078637.45
300821,东岳硅材,16.78,16.48,1.82,98306583.0,1671814890.45
300822,贝仕达克,11.12,11.08,0.36,2034030.0,22680541.1
300823,建科智能,15.14,14.92,1.47,2785651.0,41898272.41
300824,北鼎股份,7.84,7.75,1.16,5035150.0,39354149.0
300825,阿尔特,11.14,11.1,0.36,26804835.0,301555304.08
300826,测绘股份,14.64,14.66,-0.14,6545809.0,95394689.73
300827,上能电气,25.68,25.88,-0.77,8402330.0,216493619.13
300828,锐新科技,16.54,16.76,-1.31,4615450.0,76773464.5
300829,金丹科技,15.12,14.86,1.75,4098105.0,61905163.35
300830,金现代,8.09,7.92,2.15,17192990.0,139845972.34
300831,ST派瑞,15.85,15.55,1.93,5962097.0,93957619.72
300832,新产业,52.16,50.78,2.72,7360220.0,380783837.27
300833,浩洋股份,39.57,36.71,7.79,3388428.0,134779197.42
300834,星辉环材,38.7,39.28,-1.48,995214.0,39000871.9
300835,龙磁科技,159.43,161.35,-1.19,3091292.0,503867759.18
300836,佰奥智能,49.0,51.0,-3.92,2188488.0,109211197.11
300837,浙矿股份,23.3,22.92,1.66,1483900.0,34490979.0
300838,浙江力诺,14.59,13.92,4.81,8761300.0,128474336.0
300839,博汇股份,12.84,12.67,1.34,19349688.0,245022495.65
300840,酷特智能,18.39,19.35,-4.96,11792000.0,225531036.0
300841,康华生物,52.42,55.2,-5.04,4869008.0,258011992.99
300842,帝科股份,68.19,67.4,1.17,6214739.0,426163216.78
300843,胜蓝股份,134.5,137.49,-2.17,5766966.0,787230425.42
300844,山水比德,23.9,23.65,1.06,766492.0,18356212.76
300845,捷安高科,12.82,12.81,0.08,4868816.0,62600462.2
300846,首都在线,18.47,18.83,-1.91,22400225.0,422186639.89
300847,中船汉光,14.12,14.12,0.0,2936452.0,41563687.66
300848,美瑞新材,11.68,11.53,1.3,4242234.0,49526632.33
300849,锦盛新材,20.82,20.44,1.86,3888521.0,81816064.17
300850,新强联,24.62,24.81,-0.77,6471214.0,159355742.88
300851,交大思诺,24.18,24.07,0.46,1243212.0,30048105.52
300852,四会富仕,45.42,46.52,-2.36,5017464.0,232729031.4
300853,申昊科技,27.02,26.86,0.6,3376380.0,91885335.2
300854,中兰环保,17.71,17.35,2.07,6802937.0,120710790.75
300855,图南股份,33.74,33.68,0.18,4233925.0,143212885.1
300856,科思股份,10.82,10.92,-0.92,4346540.0,47241890.2
300857,协创数据,253.88,259.2,-2.05,18322443.0,4695057075.67
300858,科拓生物,14.69,14.7,-0.07,2006200.0,29471884.0
300859,西域旅游,27.79,27.18,2.24,5001577.0,138812508.06
300860,锋尚文化,27.38,27.3,0.29,1577200.0,43101367.88
300861,美畅股份,16.79,16.93,-0.83,8899964.0,150134598.36
300862,蓝盾光电,50.91,54.4,-6.42,29383934.0,1516670516.38
300863,卡倍亿,41.57,42.52,-2.23,5109887.0,214625849.94
300864,南大环境,27.74,26.46,4.84,8369548.0,236030932.18
300865,大宏立,32.3,31.24,3.39,4193417.0,133422378.31
300866,安克创新,124.1,126.2,-1.66,4558488.0,563401371.06
300867,圣元环保,17.56,17.39,0.98,5231059.0,91867878.99
300868,杰美特,86.49,90.5,-4.43,2753356.0,243684325.76
300869,康泰医学,11.25,11.6,-3.02,5202200.0,58643919.0
300870,欧陆通,214.5,220.25,-2.61,4869272.0,1060611876.98
300871,回盛生物,23.1,23.04,0.26,4336763.0,99901517.41
300872,天阳科技,15.75,16.07,-1.99,11817847.0,189346378.93
300873,海晨股份,15.8,16.62,-4.93,16792870.0,273251562.86
300875,捷强装备,32.65,32.2,1.4,2769218.0,90606927.42
300876,蒙泰高新,16.61,15.5,7.16,9122663.0,150399913.93
300877,金春股份,27.37,27.11,0.96,1523605.0,41479897.8
300878,维康药业,32.0,34.14,-6.27,6304700.0,200751836.84
300879,大叶股份,17.37,16.75,3.7,4474140.0,76759951.2
300880,迦南智能,20.73,19.34,7.19,7155140.0,142775031.91
300881,盛德鑫泰,31.8,31.49,0.98,1218200.0,38770070.0
300882,万胜智能,14.25,14.18,0.49,1655331.0,23579697.35
300883,龙利得,6.58,6.56,0.3,10564742.0,69451132.74
300884,狄耐克,12.9,12.92,-0.15,4169376.0,54017625.98
300885,海昌新材,19.66,19.59,0.36,4114596.0,81166190.2
300886,华业香料,24.55,24.49,0.24,956600.0,23463178.0
300887,谱尼测试,7.18,7.18,0.0,7207800.0,51808738.0
300888,稳健医疗,29.89,29.9,-0.03,2319658.0,69342382.58
300889,爱克股份,21.6,23.33,-7.42,12054474.0,263605715.28
300890,翔丰华,27.23,27.71,-1.73,6270440.0,171496151.06
300891,惠云钛业,7.69,7.56,1.72,6758600.0,51640064.12
300892,品渥食品,24.15,23.8,1.47,2167954.0,52199548.57
300893,松原安全,14.3,14.39,-0.63,3082518.0,44478392.12
300894,火星人,12.02,11.78,2.04,11926509.0,143201012.17
300895,铜牛信息,52.9,53.81,-1.69,4737396.0,255493428.59
300896,爱美客,94.09,93.83,0.28,1911931.0,179847819.02
300897,山科智能,15.9,16.53,-3.81,3640416.0,58043521.24
300898,熊猫乳品,21.04,20.58,2.24,2998900.0,62549733.0
300899,上海凯鑫,30.86,30.03,2.76,1420414.0,43911445.78
300900,广联航空,23.07,23.27,-0.86,11780273.0,274475916.7
300901,中胤时尚,17.07,16.1,6.02,7489328.0,125962167.57
300902,国安达,17.37,16.78,3.52,8317240.0,144264974.09
300903,科翔股份,92.33,90.72,1.77,32355677.0,3029916395.47
300904,威力传动,42.25,41.18,2.6,801826.0,33890405.96
300905,宝丽迪,37.02,37.07,-0.13,4529448.0,169728001.32
300906,日月明,30.94,31.53,-1.87,3044900.0,94289818.0
300907,康平科技,50.24,51.36,-2.18,2827237.0,144417030.04
300908,仲景食品,25.59,25.06,2.11,2601565.0,66556088.79
300909,汇创达,54.58,56.06,-2.64,3034400.0,167563136.0
300910,瑞丰新材,28.76,27.58,4.28,12328686.0,352839231.44
300911,亿田智能,22.19,22.14,0.23,9092280.0,202776872.99
300912,凯龙高科,19.55,19.92,-1.86,4515600.0,88615004.0
300913,兆龙互连,36.13,36.71,-1.58,7089487.0,259328654.77
300915,海融科技,20.95,20.39,2.75,2545246.0,53429520.72
300916,朗特智能,26.08,26.16,-0.31,5569322.0,144930574.66
300917,特发服务,29.35,27.63,6.23,13741775.0,399331135.56
300918,南山智尚,10.68,10.74,-0.56,5185700.0,55803822.0
300919,中伟新材,40.71,40.66,0.12,8194205.0,333255726.92
300920,润阳科技,32.19,32.77,-1.77,1298380.0,42488480.1
300921,南凌科技,15.66,15.74,-0.51,7142334.0,113648647.54
300922,天秦装备,18.85,18.82,0.16,13994553.0,264653013.28
300923,研奥股份,25.72,25.13,2.35,1173038.0,29786165.88
300925,法本信息,14.62,14.64,-0.14,6698147.0,98734131.37
300926,博俊科技,17.63,17.18,2.62,5191362.0,91629270.63
300927,江天化学,31.44,30.81,2.04,25799060.0,800085763.78
300928,华安鑫创,24.76,25.39,-2.48,1494555.0,37464477.0
300929,华骐环保,16.35,17.25,-5.22,8413060.0,139814650.6
300930,屹通新材,25.83,25.76,0.27,948800.0,24619625.0
300931,通用电梯,15.16,15.02,0.93,4073276.0,62049135.32
300932,三友联众,10.86,10.42,4.22,18267227.0,196656904.01
300933,中辰股份,6.58,6.62,-0.6,9479900.0,62431544.0
300935,盈建科,30.55,31.04,-1.58,2259980.0,69832948.6
300936,中英科技,83.83,90.02,-6.88,7581546.0,659172481.6
300937,药易购,24.68,25.22,-2.14,3920244.0,97227085.48
300938,信测标准,27.29,27.63,-1.23,9020364.0,250607234.32
300939,秋田微,63.72,65.61,-2.88,2709780.0,175540769.06
300940,南极光,13.85,13.74,0.8,3025997.0,42148997.36
300941,创识科技,15.32,15.67,-2.23,5851300.0,90248899.65
300942,易瑞生物,6.65,6.83,-2.64,11294049.0,75623310.85
300943,春晖智控,31.64,32.78,-3.48,8182021.0,262812466.49
300945,曼卡龙,13.8,12.86,7.31,37645475.0,514506504.04
300946,恒而达,37.52,37.88,-0.95,824400.0,31127520.0
300947,德必集团,14.77,14.11,4.68,4295200.0,63137877.0
300948,冠中生态,21.44,20.84,2.88,5213172.0,110374237.6
300949,奥雅股份,22.6,22.27,1.48,1199774.0,27111718.74
300950,德固特,17.18,17.37,-1.09,1295900.0,22367707.0
300951,博硕科技,76.32,75.27,1.39,6818484.0,527417653.72
300952,恒辉安防,16.3,16.46,-0.97,4273546.0,69979431.32
300953,震裕科技,92.6,94.5,-2.01,3869957.0,360298022.96
300955,嘉亨家化,29.7,29.69,0.03,1068777.0,31951303.23
300956,英力股份,11.37,11.15,1.97,4108849.0,46580542.65
300957,贝泰妮,32.85,33.01,-0.48,4735100.0,155975768.0
300958,建工修复,12.7,12.58,0.95,3659000.0,46485462.0
300959,线上线下,91.67,94.28,-2.77,1911557.0,178761760.64
300960,通业科技,17.3,17.45,-0.86,1747571.0,30339026.25
300961,深水海纳,12.2,11.99,1.75,6297000.0,76458705.0
300962,中金辐照,13.59,13.72,-0.95,3465750.0,47011889.2
300963,中洲特材,11.69,11.56,1.12,8644069.0,100815389.72
300964,本川智能,57.8,59.45,-2.78,4155128.0,247058677.06
300965,恒宇信通,42.85,44.92,-4.61,903300.0,39312209.0
300966,共同药业,24.68,24.85,-0.68,1961398.0,48910505.5
300967,晓鸣股份,17.66,17.45,1.2,5427075.0,95158025.25
300968,格林精密,10.21,10.6,-3.68,10588938.0,108742093.46
300969,恒帅股份,78.15,77.41,0.96,2471453.0,197463664.89
300970,华绿生物,20.82,20.35,2.31,34779056.0,720516779.72
300971,博亚精工,18.3,18.15,0.83,2093620.0,38245137.4
300972,万辰集团,194.38,189.0,2.85,3463302.0,675814628.64
300973,立高食品,25.91,25.05,3.43,4281256.0,110913148.65
300975,商络电子,26.0,25.91,0.35,52545428.0,1392437153.22
300976,达瑞电子,57.09,59.67,-4.32,4537820.0,264070668.96
300977,深圳瑞捷,16.99,16.4,3.6,5075321.0,87052834.75
300978,东箭科技,8.89,8.79,1.14,4029451.0,35951469.39
300979,华利集团,33.69,33.71,-0.06,1166000.0,39290730.0
300980,祥源新材,23.32,23.37,-0.21,4586490.0,108008858.8
300981,中红医疗,16.0,16.87,-5.16,25926630.0,422441924.07
300982,苏文电能,14.89,14.89,0.0,1897034.0,28338909.91
300983,尤安设计,39.49,38.87,1.6,896800.0,35142271.0
300984,金沃股份,32.4,31.57,2.63,4529716.0,146307483.83
300985,致远新能,37.71,38.38,-1.75,6571372.0,255630956.64
300986,志特新材,12.43,11.67,6.51,66308371.0,809216139.59
300987,川网传媒,13.59,13.48,0.82,2446085.0,33276921.45
300988,津荣天宇,14.88,14.91,-0.2,2481640.0,36992354.4
300989,蕾奥规划,15.08,14.24,5.9,9129418.0,135760026.48
300990,同飞股份,89.82,91.13,-1.44,10540442.0,965106081.42
300991,创益通,28.11,28.11,0.0,2435700.0,69380741.0
300992,泰福泵业,25.15,24.76,1.58,1935200.0,49024951.0
300993,玉马科技,10.02,9.91,1.11,3427670.0,34348100.2
300994,久祺股份,11.56,11.42,1.23,1369780.0,15806177.0
300995,奇德新材,26.51,26.55,-0.15,1314596.0,34845637.85
300996,普联软件,13.88,14.05,-1.21,69771587.0,1003781389.18
300997,欢乐家,17.46,16.64,4.93,10325631.0,177894461.04
300998,宁波方正,26.87,28.08,-4.31,5391842.0,148451259.28
300999,金龙鱼,26.47,26.24,0.88,12488716.0,328860031.62
301000,肇民科技,24.16,24.4,-0.98,3085218.0,75399880.36
301001,凯淳股份,24.19,23.94,1.04,1120156.0,27085130.32
301002,崧盛股份,28.16,28.33,-0.6,4436026.0,126165347.14
301003,江苏博云,61.41,62.04,-1.02,1611803.0,99583656.14
301004,嘉益股份,34.6,35.2,-1.7,500100.0,17394565.0
301005,超捷股份,68.65,71.14,-3.5,7300374.0,507871060.77
301006,迈拓股份,13.82,13.69,0.95,1234300.0,17032524.0
301007,德迈仕,30.05,29.73,1.08,3158287.0,94915489.35
301008,宏昌科技,37.9,39.19,-3.29,8001201.0,314452965.97
301009,可靠股份,9.29,9.19,1.09,2059000.0,19076329.0
301010,晶雪节能,17.75,17.63,0.68,1062300.0,18853687.0
301011,华立科技,14.87,14.66,1.43,3027893.0,45346711.04
301012,扬电科技,23.27,23.68,-1.73,5970386.0,140252614.4
301013,利和兴,39.05,40.3,-3.1,19193302.0,767834915.3
301015,百洋医药,25.15,24.6,2.24,10772722.0,271987163.24
301016,雷尔伟,12.53,12.47,0.48,2040540.0,25448810.0
301017,漱玉平民,13.49,13.39,0.75,8489700.0,114748492.0
301018,申菱环境,103.17,107.88,-4.37,18096090.0,1908853899.48
301019,宁波色母,15.4,15.46,-0.39,1221400.0,18858054.8
301020,密封科技,21.21,21.31,-0.47,1634100.0,34717506.0
301021,英诺激光,79.05,81.83,-3.4,7676544.0,622405172.58
301022,海泰科,23.1,22.8,1.32,1310330.0,30337673.2
301023,奕帆传动,28.73,28.46,0.95,1009328.0,29117501.5
301024,霍普股份,32.27,31.97,0.94,568970.0,18450262.5
301025,读客文化,9.08,9.2,-1.3,8288691.0,75931396.37
301026,浩通科技,21.54,21.41,0.61,7846908.0,167690041.86
301027,华蓝集团,20.94,20.95,-0.05,3068700.0,64511254.0
301028,鼎熔岩,13.4,13.39,0.07,3647800.0,48771050.48
301029,怡合达,25.6,25.96,-1.39,8679352.0,224903738.58
301030,*ST仕净,8.16,8.35,-2.28,6825400.0,56589854.8
301031,中熔电气,94.0,98.26,-4.34,2814657.0,270788944.92
301032,新柴股份,10.38,10.25,1.27,3660482.0,37815239.52
301033,迈普医学,53.71,53.73,-0.04,1090718.0,58410737.58
301035,润丰股份,57.64,57.16,0.84,1388399.0,79452795.84
301036,双乐股份,22.56,22.23,1.48,787337.0,17699104.35
301037,保立佳,13.02,13.08,-0.46,2928400.0,38281289.3
301038,深水规院,17.08,16.96,0.71,3012654.0,51460819.34
301039,中集车辆,8.1,8.17,-0.86,7354123.0,59612928.76
301040,中环海陆,26.68,27.19,-1.88,1513500.0,40921537.0
301041,金百泽,27.95,27.71,0.87,4188900.0,118331072.08
301042,安联锐视,32.48,33.2,-2.17,4229499.0,139553344.4
301043,绿岛风,43.96,43.6,0.83,692100.0,30466957.0
301045,天禄科技,67.08,68.3,-1.79,5062370.0,343641816.7
301046,能辉科技,23.39,23.39,0.0,4037900.0,94318682.83
301047,义翘神州,101.91,105.9,-3.77,6453475.0,663131976.16
301048,金鹰重工,9.18,9.08,1.1,5872690.0,53575884.8
301049,超越科技,20.62,20.31,1.53,941227.0,19267541.61
301050,雷电微力,29.31,29.36,-0.17,2555865.0,75391549.94
301051,信濠光电,17.82,17.39,2.47,14304131.0,255636913.63
301052,果麦文化,23.01,22.99,0.09,2017095.0,46520203.49
301053,远信工业,40.49,39.65,2.12,6487907.0,259693299.47
301055,张小泉,30.5,29.54,3.25,11934146.0,369602436.31
301056,森赫股份,13.19,11.99,10.01,10105701.0,131844385.94
301057,汇隆新材,22.03,23.23,-5.17,4562954.0,102498987.42
301058,中粮科工,9.2,8.97,2.56,23930000.0,220398418.76
301059,金三江,12.08,11.84,2.03,4443353.0,53552970.77
301060,兰卫医学,11.16,11.76,-5.1,23352017.0,265626820.97
301061,匠心家居,33.54,33.75,-0.62,1759800.0,59387129.68
301062,上海艾录,7.43,7.09,4.8,10437400.0,76224849.0
301063,海锅股份,18.18,17.97,1.17,1322295.0,24011564.3
301065,本立科技,19.89,19.78,0.56,2142050.0,42469757.75
301066,万事利,12.29,11.95,2.85,5002583.0,61367578.81
301067,显盈科技,29.64,28.5,4.0,4633970.0,136993061.1
301068,大地海洋,27.63,28.0,-1.32,1764551.0,49429581.63
301069,凯盛新材,16.98,16.57,2.47,9368247.0,159137937.83
301070,开勒股份,63.54,65.87,-3.54,2267198.0,146193745.09
301071,力量钻石,61.15,61.77,-1.0,13625804.0,846475866.42
301072,中捷精工,45.26,45.61,-0.77,2157100.0,97768325.0
301073,君亭酒店,20.04,19.55,2.51,12175002.0,246281843.1
301075,多瑞医药,55.42,57.0,-2.77,1255200.0,70338906.0
301076,新瀚新材,22.96,20.76,10.6,19691303.0,449979157.69
301077,星华新材,21.11,20.74,1.78,2760009.0,58533046.45
301078,孩子王,7.4,7.18,3.06,23930629.0,175045057.91
301079,邵阳液压,28.01,28.08,-0.25,1999233.0,56297354.87
301080,百普赛斯,82.5,86.09,-4.17,12257472.0,1018047204.16
301081,严牌股份,14.17,14.1,0.5,5591985.0,79218185.3
301082,久盛电气,9.88,9.79,0.92,10613298.0,104464594.62
301083,百胜智能,14.02,13.88,1.01,1239000.0,17360221.0
301085,亚康股份,60.6,59.32,2.16,6713694.0,416538066.51
301086,鸿富瀚,124.4,126.8,-1.89,4666065.0,597023351.34
301087,可孚医疗,50.9,50.83,0.14,1814878.0,92304577.4
301088,戎美股份,13.06,12.76,2.35,3518815.0,46750515.3
301089,拓新药业,23.6,24.33,-3.0,2572556.0,61248939.32
301090,华润材料,7.17,6.96,3.02,14665914.0,104567940.26
301091,深城交,18.27,18.28,-0.05,5270333.0,96479263.7
301092,争光股份,44.6,46.05,-3.15,4468575.0,203371423.77
301093,华兰股份,71.68,74.92,-4.32,5856330.0,426781900.3
301095,广立微,74.78,75.45,-0.89,5352823.0,408831467.82
301096,百诚医药,44.53,44.93,-0.89,3161940.0,141953843.19
301097,天益医疗,34.01,33.38,1.89,672918.0,22894391.02
301098,金埔园林,9.12,9.17,-0.55,6548597.0,60077235.49
301099,雅创电子,50.69,52.17,-2.84,7743152.0,401127816.65
301100,风光股份,16.19,15.99,1.25,1175500.0,19014465.0
301101,明月镜片,29.27,29.7,-1.45,1836036.0,54286158.64
301102,兆讯传媒,9.3,9.26,0.43,1388475.0,12907963.25
301103,何氏眼科,16.5,16.66,-0.96,2059043.0,33984929.07
301105,鸿铭股份,47.55,46.58,2.08,635909.0,30191816.26
301106,骏成科技,19.74,20.33,-2.9,8085758.0,161289020.81
301107,瑜欣电子,23.23,23.64,-1.73,3385311.0,79462832.1
301108,洁雅股份,38.32,39.03,-1.82,965440.0,37060375.8
301109,军信股份,13.17,13.19,-0.15,3179641.0,41790565.74
301110,青木科技,35.0,34.53,1.36,3804698.0,134527505.0
301111,粤万年青,24.02,22.75,5.58,19764556.0,485000381.16
301112,信邦智能,29.89,30.66,-2.51,897167.0,27139538.8
301113,雅艺科技,17.2,17.1,0.58,895991.0,15405224.53
301115,联检科技,28.86,29.64,-2.63,4781200.0,141016004.56
301116,益客食品,9.64,9.74,-1.03,5209100.0,50376558.0
301117,ST佳缘,13.08,12.94,1.08,15993734.0,209748665.5
301118,恒光股份,24.16,23.71,1.9,4863532.0,117187314.0
301119,正强股份,25.96,24.0,8.17,6103860.0,154723577.26
301120,新特电气,14.87,15.08,-1.39,5875101.0,88267954.22
301121,紫建电子,35.11,35.76,-1.82,1230541.0,43798064.32
301122,采纳股份,38.35,38.72,-0.96,3449013.0,133771644.66
301123,奕东电子,75.7,78.94,-4.1,8442399.0,652882301.38
301125,腾亚精工,12.78,12.48,2.4,3391746.0,43059553.38
301126,达嘉维康,10.35,10.3,0.49,2776300.0,28693820.0
301127,武汉天源,19.72,19.48,1.23,35712346.0,706358812.24
301128,强瑞技术,112.6,120.17,-6.3,9213610.0,1073497860.18
301129,瑞纳智能,23.41,23.77,-1.51,3233260.0,75929475.22
301130,西点药业,33.4,35.62,-6.23,16575727.0,541979757.04
301131,聚赛龙,33.98,33.65,0.98,643500.0,21807093.0
301132,满坤科技,37.52,37.57,-0.13,3707506.0,139834936.96
301133,金钟股份,30.72,30.96,-0.78,2292100.0,70787932.0
301135,瑞德智能,17.45,17.28,0.98,1535990.0,26679933.01
301136,招标股份,11.62,11.4,1.93,4875900.0,56519119.0
301137,哈焊华通,32.12,31.88,0.75,5442338.0,175698693.33
301138,华研精机,28.69,28.53,0.56,1558498.0,44569743.46
301139,*ST元道,3.31,3.51,-5.7,10685800.0,36224430.0
301141,中科磁业,40.52,42.0,-3.52,3000393.0,122300754.59
301148,嘉戎技术,52.02,52.11,-0.17,1469872.0,77732541.0
301149,隆华新材,8.56,8.5,0.71,17854886.0,153003927.48
301150,中一科技,39.1,40.2,-2.74,23075721.0,922516483.67
301151,冠龙节能,17.28,17.15,0.76,2963230.0,51887101.5
301152,天力锂能,22.13,22.67,-2.38,8429566.0,187980706.07
301153,中科江南,17.52,17.65,-0.74,4831734.0,85453176.36
301155,海力风电,39.83,40.8,-2.38,3412446.0,136970053.72
301156,美农生物,12.55,11.74,6.9,15045214.0,185253396.89
301157,华塑科技,59.49,60.18,-1.15,741850.0,44645942.4
301158,德石股份,15.04,15.02,0.13,3909871.0,58807816.54
301159,三维天地,32.35,31.55,2.54,4439300.0,145751181.0
301160,翔楼新材,48.66,46.93,3.69,8726375.0,427486677.51
301161,唯万密封,29.14,29.51,-1.25,4455605.0,132541234.7
301162,国能日新,37.63,37.7,-0.19,2092894.0,79567742.07
301163,宏德股份,23.29,23.31,-0.09,1612800.0,37519251.0
301165,锐捷网络,119.4,120.25,-0.71,22150762.0,2732486263.52
301166,优宁维,29.52,29.88,-1.2,2428079.0,71947338.45
301167,建研设计,14.03,14.44,-2.84,3498300.0,49100424.0
301168,通灵股份,41.43,41.64,-0.5,503600.0,20932305.05
301169,零点有数,53.93,55.44,-2.72,2395104.0,131670846.5
301170,锡南科技,22.96,22.84,0.53,660500.0,15135499.0
301171,易点天下,35.42,35.13,0.83,103743056.0,3743389862.53
301172,君逸数码,17.1,17.18,-0.47,6294091.0,109473744.99
301173,毓恬冠佳,32.95,31.88,3.36,1609200.0,53089240.3
301175,中科环保,5.66,5.64,0.35,11992078.0,67719408.14
301176,逸豪新材,46.22,46.63,-0.88,5362150.0,251132756.58
301177,迪阿股份,26.47,26.38,0.34,8008895.0,210608671.86
301178,天亿马,34.38,35.21,-2.36,1863600.0,65280515.2
301179,泽宇智能,20.66,19.73,4.71,12558318.0,258360506.92
301180,万祥科技,11.95,11.85,0.84,3105400.0,36915040.0
301181,标榜股份,23.52,23.6,-0.34,1352697.0,31943390.66
301182,凯旺科技,70.8,72.34,-2.13,3375700.0,242431867.32
301183,东田微,230.9,236.0,-2.16,3887383.0,912584482.58
301185,鸥玛软件,16.88,16.45,2.61,3550282.0,60040138.4
301186,超达装备,37.4,34.6,8.09,3445470.0,128001852.9
301187,欧圣电气,14.43,14.9,-3.15,2376540.0,34509704.6
301188,力诺药包,36.99,38.03,-2.73,10916002.0,408550028.37
301189,奥尼电子,54.51,53.18,2.5,6112643.0,333103263.86
301190,善水科技,21.12,20.11,5.02,13252937.0,271511578.66
301191,菲菱科思,88.05,94.5,-6.83,6331184.0,576182811.84
301192,泰祥股份,19.9,19.69,1.07,1038750.0,20687983.5
301193,家联科技,18.63,17.87,4.25,7778477.0,143958623.52
301195,北路智控,26.33,26.26,0.27,1205200.0,31923285.0
301196,唯科科技,94.09,98.9,-4.86,10052348.0,985147004.1
301197,工大科雅,25.26,25.7,-1.71,2305100.0,59085326.0
301198,喜悦智行,12.88,13.38,-3.74,5074938.0,66186842.55
301199,迈赫股份,17.72,17.59,0.74,3801231.0,68769858.76
301200,大族数控,268.36,282.4,-4.97,3006486.0,824617191.69
301201,诚达药业,34.59,36.34,-4.82,7054915.0,248338406.17
301202,朗威股份,35.81,36.53,-1.97,1538677.0,55651968.01
301203,国泰环保,34.13,34.23,-0.29,392065.0,13484145.1
301205,联特科技,320.85,329.5,-2.63,8754357.0,2874856402.3
301206,三元生物,23.9,23.8,0.42,1102450.0,26320110.6
301207,华兰疫苗,17.81,18.26,-2.46,6844573.0,122337963.61
301208,中亦科技,30.49,30.92,-1.39,2021200.0,62277749.25
301209,联合化学,58.95,59.78,-1.39,1795260.0,106639076.58
301210,金杨精密,24.05,24.22,-0.7,2660804.0,64574706.24
301211,亨迪药业,12.56,12.97,-3.16,15378628.0,194417307.45
301212,联盛化学,25.42,24.99,1.72,2287600.0,57976615.0
301213,观想科技,40.35,40.2,0.37,1021920.0,41296758.8
301215,中汽股份,5.41,5.4,0.19,7096981.0,38388429.01
301216,万凯新材,19.01,17.8,6.8,49892728.0,938227532.16
301217,铜冠铜箔,114.39,114.53,-0.12,37657082.0,4360283523.04
301218,华是科技,48.45,45.6,6.25,16064307.0,776993555.33
301219,腾远钴业,46.29,46.54,-0.54,6333913.0,293705394.26
301220,亚香股份,27.59,29.29,-5.8,2256600.0,62970544.24
301221,光庭信息,28.37,27.86,1.83,2258716.0,64620954.52
301222,浙江恒威,25.3,24.06,5.15,2817541.0,70808089.18
301223,中荣股份,16.92,17.33,-2.37,1989700.0,33817464.0
301225,恒勃股份,57.78,58.0,-0.38,2264140.0,129947993.84
301226,祥明智能,28.48,29.13,-2.23,1429800.0,41051986.0
301227,森鹰窗业,31.35,31.49,-0.44,1730680.0,54944346.6
301228,实朴检测,66.15,65.24,1.39,3870000.0,258448937.0
301229,纽泰格,12.31,12.2,0.9,2669800.0,32813655.0
301230,泓博医药,30.95,32.79,-5.61,15095717.0,477699822.88
301231,荣信文化,26.07,26.41,-1.29,3128905.0,82493960.4
301232,飞沃科技,97.2,104.0,-6.54,5008924.0,498879708.77
301233,盛帮股份,33.3,33.08,0.67,851340.0,28427382.4
301234,五洲医疗,99.19,105.76,-6.21,2152006.0,218873720.72
301235,华康洁净,45.63,46.88,-2.67,9326629.0,436493328.12
301236,软通动力,37.12,37.39,-0.72,21065555.0,795948278.64
301237,和顺科技,54.33,55.12,-1.43,1682900.0,92001173.0
301238,瑞泰新材,16.4,16.49,-0.55,9304205.0,153044493.8
301239,普瑞眼科,35.42,35.85,-1.2,2735091.0,97827928.21
301246,宏源药业,19.75,21.39,-7.67,19368113.0,382533934.68
301248,杰创智能,57.1,59.89,-4.66,4066401.0,238623766.82
301251,威尔高,49.59,49.06,1.08,8348179.0,420691717.47
301252,同星科技,35.09,35.76,-1.87,3205787.0,114063026.87
301255,通力科技,19.83,19.79,0.2,956096.0,19025175.36
301256,华融化学,10.4,10.27,1.27,3121448.0,32385325.36
301257,普蕊斯,43.0,44.43,-3.22,3318274.0,144254191.88
301258,富士莱,26.13,26.16,-0.11,651500.0,17003706.0
301259,艾布鲁,21.08,22.43,-6.02,8570460.0,184095876.95
301260,格力博,12.46,13.55,-8.04,8723272.0,108842320.59
301261,恒工精密,55.01,55.88,-1.56,1467375.0,81530873.21
301262,海看股份,18.61,18.56,0.27,3308500.0,61580444.0
301263,泰恩康,19.47,19.72,-1.27,3061998.0,60251624.16
301265,华新科技,18.54,19.03,-2.57,7326322.0,138286920.0
301266,宇邦新材,24.97,23.26,7.35,6503758.0,157796315.33
301267,华厦眼科,15.3,16.11,-5.03,10898290.0,167088244.7
301268,铭利达,12.89,13.41,-3.88,5604637.0,72503115.53
301269,华大九天,96.1,96.62,-0.54,8329360.0,817634498.08
301270,汉仪股份,31.56,31.93,-1.16,2194000.0,69910384.0
301272,英华特,34.69,34.54,0.43,549300.0,19016478.0
301273,瑞晨环保,39.07,40.48,-3.48,6036270.0,243536022.43
301275,汉朔科技,42.27,41.6,1.61,5219187.0,219848147.95
301276,嘉曼服饰,18.44,20.06,-8.08,7473383.0,141089639.06
301277,新天地,10.31,10.45,-1.34,3255610.0,33685639.9
301278,快可电子,28.62,27.95,2.4,1606204.0,45938532.2
301279,金道科技,20.91,21.24,-1.55,1436750.0,30338022.1
301280,珠城科技,42.18,43.16,-2.27,2070629.0,88130662.2
301281,科源制药,48.2,46.35,3.99,3641924.0,172533591.8
301282,金禄电子,33.88,34.78,-2.59,16233511.0,561140538.98
301283,聚胶股份,25.4,25.41,-0.04,689035.0,17460646.15
301285,鸿日达,86.7,90.79,-4.5,2474340.0,217515369.38
301286,侨源股份,46.06,47.75,-3.54,2264790.0,106193952.27
301287,康力源,41.47,42.23,-1.8,994215.0,41609553.44
301288,清研环境,17.38,17.06,1.88,1165700.0,20262436.0
301289,国缆检测,45.13,46.65,-3.26,2122000.0,96676199.04
301290,东星医疗,28.37,28.63,-0.91,1186728.0,33853881.92
301291,明阳电气,33.97,34.98,-2.89,6810528.0,233915797.55
301292,海科新源,65.36,64.67,1.07,8261728.0,544288636.97
301293,三博脑科,51.95,52.67,-1.37,4106769.0,214583493.63
301295,美硕科技,39.25,37.8,3.84,3078617.0,120712348.83
301296,新巨丰,6.45,6.49,-0.62,3482841.0,22574984.85
301297,富乐德,40.78,38.2,6.75,29873666.0,1214793426.38
301298,东利机械,12.9,12.81,0.7,1807100.0,23366886.0
301299,卓创资讯,44.78,44.39,0.88,1143008.0,51072119.12
301300,远翔新材,33.82,32.72,3.36,1201751.0,40655124.49
301301,川宁生物,8.77,8.85,-0.9,8579100.0,75023919.0
301302,华如科技,21.1,20.98,0.57,3057913.0,64701864.04
301303,真兰仪表,13.84,13.92,-0.57,2159739.0,30026502.67
301305,朗坤科技,24.59,24.93,-1.36,3478300.0,85853653.0
301306,西测测试,89.27,90.63,-1.5,1806210.0,162969201.81
301307,美利信,56.66,58.34,-2.88,15104319.0,876098003.33
301308,江波龙,376.88,386.25,-2.43,11301107.0,4310398693.97
301309,万得凯,30.84,29.05,6.16,3810597.0,121593728.75
301310,鑫宏业,51.09,50.74,0.69,7007275.0,368474691.29
301311,昆船智能,13.75,13.58,1.25,1797204.0,24650747.68
301312,智立方,80.0,79.51,0.62,9176978.0,754142442.64
301313,凡拓数创,32.55,32.7,-0.46,5446100.0,181912434.45
301314,科瑞思,45.63,45.7,-0.15,1533458.0,71594105.14
301315,威士顿,42.0,42.6,-1.41,3649719.0,152694665.45
301316,慧博云通,38.76,39.95,-2.98,9110438.0,358652674.3
301317,鑫磊股份,44.88,46.37,-3.21,5782075.0,260063431.25
301318,维海德,20.96,20.84,0.58,890000.0,18684576.0
301319,唯特偶,104.19,106.84,-2.48,8944381.0,944886338.07
301320,豪江智能,13.74,13.7,0.29,1460600.0,20052496.0
301321,翰博高新,41.89,40.43,3.61,9379704.0,391306201.0
301322,绿通科技,40.85,42.52,-3.93,2991970.0,125054688.64
301323,新莱福,68.48,69.3,-1.18,737952.0,51140990.7
301325,曼恩斯特,30.56,30.7,-0.46,1715260.0,52972151.8
301326,捷邦科技,104.02,110.46,-5.83,1915851.0,204590168.5
301327,华宝新能,42.95,44.31,-3.07,1980227.0,85164920.43
301328,维峰电子,53.81,55.9,-3.74,2765072.0,151948654.29
301329,信音电子,19.42,19.32,0.52,2317520.0,45072352.0
301330,熵基科技,25.56,23.98,6.59,9996340.0,257823602.74
301331,恩威医药,21.84,22.03,-0.86,1074706.0,23492742.47
301332,德尔玛,7.99,7.98,0.13,2261011.0,18012991.67
301333,诺思格,52.11,54.28,-4.0,3120069.0,164336357.13
301335,天元宠物,23.9,24.08,-0.75,2346758.0,55934178.28
301336,趣睡科技,40.7,41.19,-1.19,763620.0,31295425.9
301337,亚华电子,25.74,25.85,-0.43,1651000.0,43048624.0
301338,凯格精机,99.1,103.5,-4.25,4448660.0,449024680.2
301339,通行宝,11.15,11.14,0.09,2020658.0,22543758.28
301345,涛涛车业,235.1,247.99,-5.2,1194700.0,284036944.43
301348,蓝箭电子,21.43,21.64,-0.97,8226741.0,178106074.46
301349,信德新材,43.0,43.06,-0.14,4950841.0,216900845.9
301353,普莱得,19.28,19.27,0.05,987637.0,19014474.91
301355,南王科技,10.32,10.24,0.78,1938100.0,19957872.0
301356,天振股份,20.3,20.32,-0.1,1256855.0,25444981.3
301357,北方长龙,89.99,87.88,2.4,3474103.0,311075179.97
301358,湖南裕能,62.94,62.48,0.74,17915181.0,1119376451.59
301359,东南电子,18.08,17.81,1.52,1588100.0,28662163.0
301360,荣旗科技,56.27,55.48,1.42,3418439.0,192132864.55
301361,众智科技,27.04,27.06,-0.07,732338.0,19837623.8
301362,民爆光电,111.88,118.39,-5.5,3001460.0,345101760.2
301363,美好医疗,16.37,16.6,-1.39,7239249.0,119244826.4
301365,矩阵股份,41.35,41.11,0.58,3182740.0,132683956.7
301366,一博科技,56.14,56.92,-1.37,7779038.0,445248503.82
301367,瑞迈特,46.52,44.97,3.45,8090216.0,390635715.75
301368,丰立智能,37.89,38.58,-1.79,1526500.0,58455116.31
301369,联动科技,135.75,142.77,-4.92,2472965.0,342928292.1
301370,国科恒泰,9.05,9.09,-0.44,2676800.0,24167982.0
301371,敷尔佳,21.85,22.0,-0.68,2319365.0,50694428.45
301372,科净源,30.37,30.13,0.8,780470.0,23674673.64
301373,凌玮科技,111.64,116.8,-4.42,10398448.0,1199108476.63
301376,致欧科技,20.99,20.52,2.29,6153800.0,127832578.0
301377,鼎泰高科,406.38,416.97,-2.54,2690654.0,1106980117.87
301378,通达海,24.8,24.41,1.6,4936664.0,125554383.1
301379,天山电子,21.38,22.19,-3.65,12782517.0,279728430.13
301380,挖金客,30.82,30.4,1.38,3685925.0,113199582.85
301381,赛维时代,23.34,23.66,-1.35,6367335.0,150429004.08
301382,蜂助手,37.4,38.38,-2.55,15399910.0,589827826.54
301383,天键股份,23.79,24.13,-1.41,1280397.0,30832791.8
301386,未来电器,20.52,20.43,0.44,1099000.0,22544414.0
301387,光大同创,55.57,57.2,-2.85,1636574.0,92659575.6
301388,欣灵电气,24.44,24.17,1.12,672500.0,16398227.0
301389,隆扬电子,61.38,59.45,3.25,16916267.0,1060937820.43
301390,经纬股份,32.09,30.99,3.55,1355140.0,43314483.6
301391,卡莱特,46.07,47.2,-2.39,677132.0,31829490.86
301392,汇成真空,175.41,180.39,-2.76,3802742.0,676975755.87
301393,昊帆生物,57.66,59.03,-2.32,1986500.0,115455732.1
301395,仁信新材,11.83,11.99,-1.33,4111208.0,49431433.44
301396,宏景科技,176.25,181.38,-2.83,12122114.0,2170710831.3
301397,溯联股份,24.77,25.53,-2.98,3877283.0,96978228.56
301398,星源卓镁,33.4,31.87,4.8,3188065.0,106431808.55
301399,英特科技,22.17,21.24,4.38,23589403.0,500453001.81
301408,华人健康,14.88,15.08,-1.33,10092870.0,152297470.98
301413,安培龙,59.3,61.86,-4.14,4182430.0,252006308.9
301418,协昌科技,35.88,36.0,-0.33,944232.0,34273463.4
301419,阿莱德,37.94,37.32,1.66,10981837.0,423391363.99
301421,波长光电,78.98,79.85,-1.09,3512171.0,282369449.84
301428,世纪恒通,27.7,27.9,-0.72,3149796.0,87645807.2
301429,森泰股份,17.66,17.46,1.15,799000.0,14050366.0
301439,泓淋电力,14.93,14.96,-0.2,3544400.0,52990101.0
301446,福事特,36.18,36.77,-1.6,1027200.0,37725448.0
301448,开创电气,44.86,44.66,0.45,1384900.0,62449650.0
301449,天溯计量,44.27,47.86,-7.5,3844340.0,176203556.06
301456,盘古智能,23.52,23.45,0.3,847673.0,19995918.2
301458,钧崴电子,38.93,39.31,-0.97,11190925.0,447509308.83
301459,丰茂股份,31.56,31.7,-0.44,808423.0,25574627.23
301468,博盈特焊,31.22,35.24,-11.41,10308569.0,330343135.24
301469,恒达新材,29.14,29.8,-2.21,1886837.0,55527870.51
301479,弘景光电,48.34,49.56,-2.46,2156220.0,106105090.04
301486,致尚科技,174.25,178.28,-2.26,5540262.0,988804499.75
301487,盟固利,16.49,16.47,0.12,11182937.0,184235250.46
301488,豪恩汽电,97.0,99.45,-2.46,1008913.0,99786459.47
301489,思泉新材,115.88,122.18,-5.16,7043586.0,835988869.59
301491,汉桑科技,38.65,39.01,-0.92,562269.0,21905952.43
301498,乖宝宠物,38.73,38.64,0.23,2564085.0,99499668.41
301499,维科精密,24.82,25.08,-1.04,1039800.0,26005636.0
301500,飞南资源,23.89,23.65,1.01,11479743.0,273184808.94
301501,恒鑫生活,27.53,27.56,-0.11,978550.0,26950661.0
301502,华阳智能,51.86,51.59,0.52,1057084.0,55898730.51
301503,智迪科技,21.81,21.46,1.63,981960.0,21327499.0
301505,苏州规划,16.0,15.8,1.27,1718431.0,27475590.19
301507,民生健康,12.62,12.9,-2.17,3473700.0,44149467.0
301508,中机认检,24.57,24.45,0.49,1049919.0,25748340.93
301509,金凯生科,29.71,30.64,-3.04,3472880.0,104512667.4
301510,固高科技,27.77,28.26,-1.73,9928276.0,278953079.74
301511,德福科技,90.5,86.89,4.15,44146841.0,3965649253.08
301512,智信精密,31.24,31.12,0.39,1105356.0,34542682.16
301513,尚水智能,47.3,47.65,-0.73,791815.0,37918870.16
301515,港通医疗,19.46,19.72,-1.32,1377000.0,26750350.24
301516,中远通,17.55,18.62,-5.75,21129674.0,379777379.28
301517,陕西华达,37.8,38.36,-1.46,2207956.0,84280456.52
301518,长华化学,25.61,24.76,3.43,4585288.0,115684769.8
301519,舜禹股份,12.05,11.98,0.58,1775775.0,21376960.83
301520,万邦医药,71.11,86.25,-17.55,16126413.0,1202738755.73
301522,上大股份,23.27,23.27,0.0,2146438.0,50081074.06
301525,儒竞科技,39.39,39.39,0.0,1392200.0,55332624.4
301526,国际复材,30.2,31.14,-3.02,158532332.0,4918632765.38
301528,多浦乐,56.54,58.14,-2.75,1096985.0,63174608.0
301529,福赛科技,114.2,118.0,-3.22,2064970.0,238800054.48
301531,春光集团,51.26,52.89,-3.08,2520603.0,131444888.26
301533,威马农机,31.18,30.6,1.9,9169599.0,280602844.01
301535,浙江华远,14.53,14.25,1.96,2551100.0,36812333.0
301536,星宸科技,116.48,120.28,-3.16,12430465.0,1485639700.1
301538,骏鼎达,41.45,41.39,0.14,2569016.0,106581210.18
301539,宏鑫科技,14.98,14.81,1.15,1353000.0,20207329.0
301548,崇德科技,57.89,61.74,-6.24,2399500.0,141570414.75
301550,斯菱智驱,87.32,91.15,-4.2,8084451.0,711752713.81
301551,无线传媒,20.14,20.04,0.5,3749447.0,75964810.52
301552,科力装备,25.92,25.65,1.05,2309040.0,59168555.4
301555,惠柏新材,34.74,33.92,2.42,3050736.0,106281660.8
301556,托普云农,63.35,60.41,4.87,3333624.0,207696176.68
301557,常友科技,86.28,86.17,0.13,700159.0,60670360.93
301558,三态股份,6.5,6.5,0.0,4633200.0,30171225.0
301559,中集环科,13.28,13.19,0.68,1334215.0,17705101.0
301560,众捷汽车,23.08,22.99,0.39,1560689.0,36120422.72
301563,云汉芯城,122.71,124.25,-1.24,1812338.0,226917704.12
301565,中仑新材,20.55,20.41,0.69,4036392.0,83255121.37
301566,达利凯普,26.13,25.45,2.67,31707293.0,845636223.9
301567,贝隆精密,36.04,36.16,-0.33,600020.0,21768724.72
301568,思泰克,69.98,73.55,-4.85,3710110.0,266083550.14
301571,国科天成,63.61,65.78,-3.3,4681691.0,304662843.01
301575,艾芬达,26.64,26.44,0.76,959495.0,25548927.55
301577,美信科技,57.21,57.33,-0.21,1124611.0,65306471.77
301578,辰奕智能,23.64,23.14,2.16,1484620.0,34874398.47
301580,爱迪特,54.97,56.56,-2.81,5218402.0,291907309.91
301581,黄山谷捷,36.94,37.1,-0.43,356600.0,13266145.0
301583,托伦斯,125.0,131.05,-4.62,5802927.0,738415091.75
301584,建发致新,21.73,21.93,-0.91,1901285.0,41393082.5
301585,蓝宇股份,26.43,26.35,0.3,576713.0,15272702.02
301586,佳力奇,29.8,31.37,-5.0,1719600.0,51759163.0
301587,中瑞股份,21.6,21.83,-1.05,2281242.0,49595028.71
301588,美新科技,28.13,30.08,-6.48,5963381.0,172594679.39
301589,诺瓦星云,143.1,141.28,1.29,863061.0,123802881.1
301590,优优绿能,71.46,73.84,-3.22,564340.0,41040931.4
301591,肯特股份,57.5,50.4,14.09,27068212.0,1559274053.46
301592,六九一二,101.05,102.11,-1.04,609114.0,62312400.18
301595,太力科技,40.79,41.14,-0.85,1838400.0,75848995.48
301596,瑞迪智驱,46.56,47.03,-1.0,1273885.0,59834724.9
301598,博科测试,51.7,53.48,-3.33,1458655.0,76125116.4
301599,理奇智能,34.81,34.38,1.25,6028408.0,214025842.47
301600,慧翰股份,83.96,86.39,-2.81,621991.0,53008014.12
301601,惠通科技,16.37,16.01,2.25,2187300.0,35594773.0
301602,超研股份,16.44,16.63,-1.14,5110075.0,84164496.1
301603,乔锋智能,127.37,131.99,-3.5,2608384.0,339848493.6
301606,绿联科技,51.77,52.71,-1.78,3645400.0,190773402.0
301607,富特科技,42.69,43.45,-1.75,18923650.0,838756276.2
301608,博实结,44.6,45.81,-2.64,1514283.0,68606266.45
301609,山大电力,32.23,33.06,-2.51,2003065.0,64897431.15
301611,珂玛科技,98.45,103.04,-4.45,8304815.0,837493483.18
301613,新铝时代,35.89,36.01,-0.33,731000.0,26360032.0
301616,浙江华业,35.44,35.01,1.23,541483.0,19178543.02
301617,博苑新材,50.89,51.91,-1.96,1693069.0,87501229.1
301618,长联科技,32.64,32.79,-0.46,1323680.0,43484810.76
301622,英思特,39.08,39.22,-0.36,1182396.0,46557053.68
301626,苏州天脉,258.84,266.67,-2.94,1577148.0,414122286.76
301628,强达电路,90.85,92.57,-1.86,1221053.0,112038110.35
301629,矽电股份,309.85,291.0,6.48,2802719.0,878274944.27
301630,同宇新材,198.0,208.63,-5.1,3048078.0,618777405.72
301631,壹连科技,63.0,64.09,-1.7,1794096.0,113847084.52
301632,广东建科,13.53,13.45,0.59,5024769.0,67986355.21
301633,港迪技术,54.38,54.96,-1.06,1518100.0,83804569.51
301636,泽润新能,40.33,40.22,0.27,999675.0,40507311.79
301638,南网数字,22.51,23.15,-2.76,12897705.0,292972907.54
301655,绿控传动,28.08,29.31,-4.2,20287856.0,596942277.79
301656,联合动力,15.11,15.25,-0.92,4586375.0,69425781.6
301658,首航新能,23.66,23.67,-0.04,3863728.0,91730874.16
301662,宏工科技,79.07,74.4,6.28,8076515.0,646122129.73
301665,泰禾股份,24.61,25.12,-2.03,3685790.0,90772764.02
301666,大普微,475.86,469.2,1.42,7952665.0,4033829220.62
301667,纳百川,60.28,61.1,-1.34,1533024.0,93853687.43
301668,昊创瑞通,34.88,33.95,2.74,1747624.0,60740139.7
301669,高特电子,27.69,28.51,-2.88,5573221.0,155592138.04
301677,欣兴工具,56.23,54.91,2.4,5143790.0,286484270.26
301678,新恒汇,44.7,45.39,-1.52,1995121.0,90336135.94
301680,固德电材,96.2,98.3,-2.14,905459.0,88080686.75
301682,宏明电子,111.65,111.58,0.06,1581850.0,178227299.05
301683,慧谷新材,100.41,102.15,-1.7,630805.0,64003756.36
301687,新广益,50.38,51.03,-1.27,2629278.0,133920804.96
301696,三瑞智能,96.04,98.28,-2.28,1534486.0,149544104.56
301707,展芯股份,78.59,81.28,-3.31,4867329.0,388024552.88
301717,超纯应材,378.59,414.48,-8.66,4573429.0,1810474271.88
302132,中航成飞,60.0,59.71,0.49,7889865.0,475101638.93
600000,浦发银行,9.0,9.07,-0.77,58786810.0,528817735.0
600004,白云机场,7.77,7.62,1.97,15733099.0,121735041.0
600006,东风股份,5.4,5.37,0.56,9340830.0,50175738.0
600007,中国国贸,18.9,18.87,0.16,1542900.0,29195710.0
600008,首创环保,2.84,2.85,-0.35,59343040.0,168759595.0
600009,上海机场,23.65,23.46,0.81,8323431.0,196313997.0
600010,包钢股份,2.28,2.27,0.44,299831623.0,679588807.0
600011,华能国际,6.78,6.76,0.3,51671699.0,349171718.0
600012,皖通高速,16.42,16.18,1.48,4359681.0,71085064.0
600015,华夏银行,6.55,6.62,-1.06,98775740.0,646464902.0
600016,民生银行,3.42,3.44,-0.58,127587763.0,437297635.0
600017,日照港,2.87,2.92,-1.71,67774205.0,193677639.0
600018,上港集团,5.21,5.18,0.58,43129860.0,224308987.0
600019,宝钢股份,5.83,5.82,0.17,90428483.0,525116787.0
600020,中原高速,3.95,3.95,0.0,18619815.0,73471965.0
600021,上海电力,13.71,13.76,-0.36,15343998.0,210596785.0
600022,山东钢铁,1.37,1.35,1.48,88832560.0,120323199.0
600023,浙能电力,4.94,4.92,0.41,25732376.0,126764757.0
600025,华能水电,9.56,9.64,-0.83,27229905.0,259904674.0
600026,中远海能,18.81,18.61,1.07,45529786.0,859537596.0
600027,华电国际,4.7,4.61,1.95,82456143.0,384781075.0
600028,中国石化,5.46,5.29,3.21,323849255.0,1752090729.0
600029,南方航空,5.06,5.03,0.6,57664052.0,291008770.0
600030,中信证券,27.93,27.93,0.0,97306790.0,2717858329.0
600031,三一重工,19.1,19.06,0.21,46631483.0,884804107.0
600032,浙江新能,6.87,6.89,-0.29,11287402.0,77445149.0
600033,福建高速,3.59,3.56,0.84,27613001.0,98644247.0
600035,楚天高速,3.67,3.63,1.1,34202839.0,124226351.0
600036,招商银行,39.35,39.58,-0.58,48103294.0,1893074628.0
600037,歌华有线,7.14,7.07,0.99,13865112.0,98650836.0
600038,中直股份,27.63,27.09,1.99,8497304.0,233797557.0
600039,四川路桥,8.82,8.7,1.38,19622498.0,171853715.0
600048,保利发展,5.19,5.18,0.19,229046258.0,1196488282.0
600050,中国联通,4.28,4.29,-0.23,74789216.0,319214100.0
600051,宁波联合,6.39,6.32,1.11,4550300.0,28864772.0
600052,东望时代,3.95,3.91,1.02,14424400.0,56946937.0
600053,*ST九鼎,7.75,7.64,1.44,2406200.0,18618945.0
600054,黄山旅游,11.44,11.3,1.24,8009978.0,91280143.0
600055,万东医疗,11.08,10.97,1.0,2439984.0,26991347.0
600056,中国医药,9.28,9.35,-0.75,9210203.0,85530053.0
600057,厦门象屿,6.61,6.41,3.12,23275365.0,151374624.0
600058,五矿发展,10.17,10.05,1.19,9029360.0,91568645.0
600059,古越龙山,8.21,8.51,-3.53,16320600.0,134399170.0
600060,海信视像,27.82,27.99,-0.61,7970640.0,220613155.0
600061,国投资本,6.51,6.53,-0.31,27489583.0,178838762.0
600062,华润双鹤,16.16,16.15,0.06,4633864.0,74746382.0
600063,皖维高新,5.93,5.84,1.54,54900192.0,324517629.0
600064,南京高科,7.71,7.73,-0.26,12604039.0,97169860.0
600066,宇通客车,30.06,29.91,0.5,8819577.0,264891707.0
600067,冠城新材,2.93,2.88,1.74,19422599.0,56504836.0
600071,凤凰光学,16.11,16.21,-0.62,2152851.0,34963870.0
600072,中船科技,8.9,8.89,0.11,10539091.0,94011690.0
600073,光明肉业,5.56,5.48,1.46,14021407.0,77529544.0
600075,新疆天业,4.9,4.69,4.48,26065260.0,125578778.0
600076,康欣新材,3.26,3.2,1.87,23335800.0,76077147.0
600078,澄星股份,11.28,11.1,1.62,24250546.0,272417883.0
600079,ST人福,18.66,18.45,1.14,10401631.0,193591396.0
600080,ST金花,4.92,4.89,0.61,2844400.0,14046859.0
600081,东风科技,10.41,10.37,0.39,2119010.0,22109946.0
600082,ST海泰,2.98,2.94,1.36,5701600.0,16939844.0
600084,*ST尼雅,4.32,4.26,1.41,4644900.0,19993422.0
600085,同仁堂,24.48,24.35,0.53,4594085.0,112213255.0
600088,中视传媒,11.55,11.55,0.0,2409091.0,27852613.0
600089,特变电工,19.3,19.36,-0.31,45420276.0,877243124.0
600094,大名城,4.07,4.08,-0.25,26722162.0,108692537.0
600095,湘财股份,9.55,9.54,0.1,209221341.0,2033210789.0
600096,云天化,31.58,30.95,2.04,51722995.0,1618393994.0
600097,开创国际,9.13,8.86,3.05,7714500.0,70122330.0
600098,广州发展,6.25,6.23,0.32,13243200.0,82449384.0
600099,林海股份,9.51,9.37,1.49,3132200.0,29650602.0
600100,同方股份,7.01,6.95,0.86,22223200.0,156144891.0
600101,明星电力,7.9,7.92,-0.25,5832557.0,46028643.0
600103,青山纸业,3.85,3.82,0.79,747674043.0,2970707691.0
600104,上汽集团,10.34,10.24,0.98,31326092.0,322015102.0
600105,永鼎股份,39.8,41.0,-2.93,124120615.0,5064166095.0
600106,重庆路桥,4.43,4.35,1.84,12727993.0,55895139.0
600107,*ST尔雅,5.78,5.82,-0.69,863701.0,5008474.0
600108,亚盛集团,3.81,3.78,0.79,283266071.0,1073027111.0
600109,国金证券,8.75,8.79,-0.46,22503853.0,196643567.0
600110,诺德股份,10.94,11.6,-5.69,214928988.0,2393075537.0
600111,北方稀土,40.62,40.91,-0.71,40250315.0,1634576703.0
600113,浙江东日,30.84,30.93,-0.29,4960000.0,154703431.0
600114,东睦股份,30.42,31.24,-2.62,16124632.0,498346362.0
600115,中国东航,3.56,3.55,0.28,100196075.0,355460026.0
600116,三峡水利,6.34,6.31,0.48,9989258.0,62863179.0
600117,西宁特钢,2.36,2.35,0.43,13510110.0,31741293.0
600118,中国卫星,60.23,61.6,-2.22,21054501.0,1279634684.0
600119,*ST长投,5.08,4.94,2.83,4668619.0,23627144.0
600120,浙江东方,4.94,4.95,-0.2,30058394.0,148034446.0
600121,郑州煤电,4.46,4.27,4.45,112842020.0,496736363.0
600123,兰花科创,7.32,7.32,0.0,19190932.0,140360922.0
600125,铁龙物流,5.48,5.45,0.55,13276109.0,72475090.0
600126,杭钢股份,6.76,6.82,-0.88,43783362.0,297097306.0
600127,金健米业,11.77,10.78,9.18,289228230.0,3291559267.0
600128,苏豪弘业,8.53,8.39,1.67,3663601.0,31101943.0
600129,太极集团,14.28,14.47,-1.31,12592020.0,180163879.0
600130,波导股份,4.53,4.4,2.95,29255100.0,131709098.0
600131,国网信通,14.94,14.91,0.2,4419537.0,66174804.0
600132,重庆啤酒,40.28,39.89,0.98,2351058.0,94215166.0
600133,东湖高新,8.72,8.31,4.93,37908372.0,328358131.0
600135,乐凯胶片,7.49,7.42,0.94,5988168.0,44858324.0
600136,ST明诚,1.47,1.44,2.08,7625225.0,11075435.0
600137,浪莎股份,18.29,18.07,1.22,1098700.0,20021436.0
600138,中青旅,7.26,7.14,1.68,10545669.0,75959085.0
600141,兴发集团,31.26,31.15,0.35,27294104.0,850531406.0
600143,金发科技,14.11,14.16,-0.35,21711358.0,307044016.0
600148,长春一东,15.68,15.62,0.38,1402400.0,21982227.0
600149,廊坊发展,5.05,4.99,1.2,6688600.0,33553632.0
600150,中国船舶,34.78,34.52,0.75,66566476.0,2314521986.0
600151,航天机电,9.95,10.09,-1.39,21785100.0,219898949.0
600152,维科技术,8.36,8.28,0.97,15392300.0,128592591.0
600153,建发股份,8.76,9.03,-2.99,44036936.0,389843777.0
600155,华创云信,6.31,6.26,0.8,36062321.0,226085362.0
600156,华升股份,8.54,8.59,-0.58,10327235.0,88449953.0
600157,永泰能源,1.6,1.6,0.0,374258050.0,597872747.0
600158,中体产业,7.18,7.1,1.13,22975832.0,164350420.0
600159,大龙地产,2.65,2.6,1.92,15577000.0,41003269.0
600160,巨化股份,40.54,39.54,2.53,48784892.0,1969332162.0
600161,天坛生物,12.34,12.47,-1.04,6449252.0,79733012.0
600162,香江控股,5.36,4.87,10.06,153441323.0,811039172.0
600163,中闽能源,5.25,5.07,3.55,27957314.0,145311517.0
600165,宁科生物,3.16,3.22,-1.86,19436499.0,61902347.0
600166,福田汽车,3.01,2.95,2.03,129449062.0,387218873.0
600167,联美控股,5.74,5.75,-0.17,6673227.0,38196735.0
600168,武汉控股,4.44,4.41,0.68,4519183.0,20032997.0
600169,ST太重,2.07,2.06,0.49,8809165.0,18227049.0
600170,上海建工,2.29,2.27,0.88,136399511.0,310805221.0
600171,上海贝岭,22.89,23.11,-0.95,9144253.0,210362904.0
600172,黄河旋风,14.42,14.61,-1.3,178255903.0,2592464390.0
600173,卧龙新能,6.34,6.24,1.6,4562800.0,28788474.0
600176,中国巨石,43.2,42.64,1.31,229406194.0,9951454887.0
600177,雅戈尔,7.86,7.79,0.9,20056364.0,156520280.0
600178,东安动力,9.69,9.68,0.1,4000152.0,38739122.0
600179,安通控股,4.73,4.66,1.5,60816794.0,286322854.0
600180,*ST瑞茂,1.52,1.51,0.66,12431397.0,18898266.0
600182,S佳通,13.53,13.51,0.15,1555700.0,21002952.0
600183,生益科技,145.65,140.97,3.32,98707824.0,14474844442.0
600184,光电股份,18.18,18.66,-2.57,18438007.0,339844803.0
600185,珠免集团,4.8,4.72,1.69,18723702.0,89340611.0
600186,莲花控股,11.94,11.69,2.14,271971627.0,3277198757.0
600187,*ST国中,1.36,1.35,0.74,19055900.0,25817798.0
600188,兖矿能源,23.02,22.68,1.5,49618376.0,1131355306.0
600189,泉阳泉,7.86,7.47,5.22,19206650.0,148292436.0
600191,华资实业,11.07,11.2,-1.16,7996100.0,88913496.0
600192,长城电工,7.12,7.13,-0.14,7370607.0,52522059.0
600195,中牧股份,6.89,6.78,1.62,10610849.0,72325991.0
600196,复星医药,22.87,22.89,-0.09,15438057.0,353062976.0
600197,伊力特,9.72,9.65,0.73,6019402.0,58217162.0
600198,大唐电信,7.77,7.93,-2.02,28717856.0,225471487.0
600199,金种子酒,7.24,7.04,2.84,28489980.0,204536345.0
600201,生物股份,12.66,12.74,-0.63,10785083.0,136456014.0
600202,哈空调,5.17,5.09,1.57,4711500.0,24232818.0
600203,福日电子,10.71,10.66,0.47,21771111.0,233058307.0
600206,有研新材,51.65,53.65,-3.73,98228439.0,5229448564.0
600207,安彩高科,4.46,4.44,0.45,11597408.0,51701491.0
600208,衢州发展,2.97,2.98,-0.34,58298800.0,173384151.0
600210,紫江企业,6.21,6.04,2.81,49499218.0,311215371.0
600211,西藏药业,38.66,39.09,-1.1,3606760.0,139777275.0
600212,绿能慧充,6.22,6.16,0.97,13748627.0,86054922.0
600215,派斯林,6.32,6.37,-0.78,5842500.0,37131024.0
600216,浙江医药,13.19,13.01,1.38,24985272.0,326212271.0
600217,中再资环,3.4,3.24,4.94,44522031.0,148833246.0
600218,全柴动力,7.67,7.57,1.32,6424900.0,48876007.0
600219,南山铝业,4.88,4.83,1.04,143242641.0,694422680.0
600221,海航控股,1.31,1.32,-0.76,176940920.0,231957313.0
600222,太龙药业,7.91,8.17,-3.18,19907888.0,159827617.0
600223,福瑞达,5.75,5.71,0.7,10097028.0,57885745.0
600226,亨通股份,6.06,6.2,-2.26,97315124.0,596550639.0
600227,赤天化,4.58,4.16,10.1,369082989.0,1600591549.0
600228,返利科技,8.31,8.57,-3.03,18163600.0,152070154.0
600229,城市传媒,5.22,5.12,1.95,2921401.0,15092653.0
600230,沧州大化,15.34,14.57,5.28,18005163.0,271720548.0
600231,凌钢股份,1.79,1.75,2.29,16013270.0,28403449.0
600232,金鹰股份,6.57,6.45,1.86,5236300.0,34205842.0
600233,圆通速递,16.92,16.95,-0.18,19321130.0,324556952.0
600234,科新发展,21.47,21.33,0.66,1117200.0,24059755.0
600235,民丰特纸,5.9,5.86,0.68,3604700.0,21161443.0
600236,桂冠电力,9.9,9.92,-0.2,7892376.0,77927600.0
600237,铜峰电子,8.49,8.49,0.0,21123173.0,180766925.0
600238,ST椰岛,4.67,4.67,0.0,2791300.0,13062018.0
600239,ST云城,1.45,1.44,0.69,12043936.0,17365055.0
600241,时代万恒,7.5,7.37,1.76,3297100.0,24509852.0
600243,*ST海华,3.8,3.85,-1.3,4074800.0,15598199.0
600246,万通发展,12.12,12.47,-2.81,80077279.0,989055163.0
600248,陕建股份,2.95,2.89,2.08,22375450.0,65563350.0
600249,两面针,5.39,5.32,1.32,6578100.0,35211790.0
600250,南京商旅,9.97,9.57,4.18,40895502.0,406294837.0
600251,冠农股份,11.77,10.7,10.0,65548070.0,748425928.0
600252,中恒集团,2.41,2.38,1.26,91154099.0,219316380.0
600255,鑫科材料,3.38,3.34,1.2,54965185.0,184878961.0
600256,广汇能源,6.54,6.41,2.03,116054509.0,752459139.0
600257,大湖股份,5.86,5.71,2.63,22712065.0,132109790.0
600258,首旅酒店,12.45,12.37,0.65,10277313.0,127474526.0
600259,中稀有色,83.09,84.96,-2.2,7894622.0,661485239.0
600261,阳光照明,3.2,3.16,1.27,10963977.0,34937988.0
600262,北方股份,15.38,15.42,-0.26,5620182.0,86875448.0
600265,*ST景谷,22.88,22.97,-0.39,525500.0,12028053.0
600266,城建发展,4.27,4.13,3.39,40422755.0,170951046.0
600267,海正药业,12.2,12.37,-1.37,20857171.0,255192178.0
600268,国电南自,10.64,10.7,-0.56,8236455.0,87772110.0
600269,赣粤高速,3.86,3.83,0.78,16055273.0,61746506.0
600271,航天信息,6.92,6.91,0.14,8286200.0,57516961.0
600272,开开实业,20.29,21.7,-6.5,56937212.0,1168852558.0
600273,嘉化能源,6.85,6.64,3.16,22702467.0,154097093.0
600276,恒瑞医药,47.32,47.61,-0.61,53239662.0,2522685032.0
600278,东方创业,6.67,6.34,5.21,19770761.0,130987775.0
600279,重庆港,4.39,4.37,0.46,6974450.0,30536294.0
600280,中央商场,3.12,3.05,2.3,28481800.0,88258024.0
600281,华阳新材,4.98,4.97,0.2,25373501.0,125976562.0
600282,南钢股份,4.75,4.74,0.21,29230560.0,138944417.0
600283,钱江水利,8.0,8.12,-1.48,3937001.0,31555927.0
600284,浦东建设,5.21,5.16,0.97,9080261.0,47166378.0
600285,羚锐制药,20.08,19.89,0.96,7190540.0,143972905.0
600287,苏豪时尚,4.98,4.86,2.47,3913710.0,19338273.0
600288,大恒科技,11.31,11.15,1.43,32253514.0,368921477.0
600289,ST信通,4.36,4.45,-2.02,1956700.0,8572471.0
600292,电投水电,12.56,12.52,0.32,7335630.0,92045393.0
600293,三峡新材,3.02,2.9,4.14,75401286.0,227734640.0
600295,鄂尔多斯,13.74,13.81,-0.51,7367666.0,100802045.0
600298,安琪酵母,41.3,41.08,0.54,4883175.0,201388244.0
600299,安迪苏,8.82,8.62,2.32,39436518.0,344961698.0
600300,维维股份,3.28,3.21,2.18,40674137.0,131709107.0
600301,华锡有色,48.78,47.69,2.29,10640100.0,515456165.0
600302,ST标准,6.55,6.7,-2.24,3275600.0,21805768.0
600303,曙光股份,3.03,2.94,3.06,22687600.0,68062592.0
600305,恒顺醋业,6.85,6.79,0.88,6252115.0,42674239.0
600307,酒钢宏兴,1.5,1.48,1.35,55900020.0,83519257.0
600308,华泰股份,3.34,3.29,1.52,9323587.0,31042539.0
600309,万华化学,78.04,75.92,2.79,47622107.0,3678448502.0
600310,广西能源,4.31,4.26,1.17,34611500.0,148236289.0
600312,平高电气,19.77,20.01,-1.2,12765857.0,252421859.0
600313,农发种业,7.5,7.23,3.73,178864784.0,1316055645.0
600315,上海家化,18.27,18.19,0.44,7632729.0,138685456.0
600316,洪都航空,30.78,29.23,5.3,23339547.0,708765594.0
600318,新力金融,6.88,6.94,-0.86,14969100.0,103039445.0
600319,亚星化学,6.58,6.34,3.79,5872191.0,38200782.0
600320,振华重工,4.14,4.08,1.47,43835489.0,180542294.0
600322,津投城开,2.76,2.72,1.47,24858772.0,68767335.0
600323,瀚蓝环境,30.23,29.99,0.8,2744545.0,82421028.0
600325,华发股份,2.48,2.41,2.9,79986079.0,197595557.0
600326,西藏天路,7.75,7.72,0.39,58423093.0,451971322.0
600327,大东方,4.11,4.04,1.73,19432792.0,79351503.0
600328,中盐化工,6.54,6.35,2.99,25587894.0,165545773.0
600329,达仁堂,36.43,36.4,0.08,1328757.0,48385269.0
600330,天通股份,28.94,29.15,-0.72,158612265.0,4637685905.0
600331,宏达股份,13.2,13.03,1.3,47920513.0,628361307.0
600332,白云山,20.42,20.46,-0.2,4958334.0,101019179.0
600333,长春燃气,6.55,6.27,4.47,16960678.0,109777443.0
600335,国机汽车,5.24,5.16,1.55,14479172.0,75461991.0
600336,澳柯玛,6.3,6.36,-0.94,4978241.0,31408526.0
600337,ST美克,3.11,3.19,-2.51,32370440.0,101385212.0
600338,西藏珠峰,14.38,13.94,3.16,61271464.0,869364058.0
600339,中油工程,3.46,3.38,2.37,70194220.0,241135100.0
600340,*ST华幸,1.09,1.09,0.0,39095230.0,42602901.0
600343,航天动力,18.24,18.34,-0.55,11213662.0,205217029.0
600345,长江通信,51.05,52.06,-1.94,17004831.0,885370034.0
600346,恒力石化,19.66,18.9,4.02,48929889.0,946831108.0
600348,华阳股份,9.36,9.51,-1.58,35060500.0,330197781.0
600350,山东高速,10.47,10.35,1.16,14207185.0,147790713.0
600351,亚宝药业,7.27,7.2,0.97,25712947.0,186536540.0
600352,浙江龙盛,13.17,12.81,2.81,68403879.0,893682711.0
600353,旭光电子,34.63,37.24,-7.01,73574786.0,2633099729.0
600354,敦煌种业,8.21,7.46,10.05,108742723.0,869767473.0
600356,恒丰纸业,8.79,8.81,-0.23,4428200.0,38935702.0
600358,国旅联合,5.09,5.06,0.59,3145000.0,15986263.0
600359,新农开发,7.51,7.47,0.54,65859059.0,497706489.0
600360,华微电子,10.4,10.58,-1.7,46843984.0,493665512.0
600361,创新新材,3.75,3.7,1.35,54864900.0,204053579.0
600362,江西铜业,49.01,49.2,-0.39,70437978.0,3452443817.0
600363,联创光电,18.19,18.21,-0.11,24123015.0,443348323.0
600365,ST通葡,2.81,2.81,0.0,1798600.0,5070735.0
600366,宁波韵升,11.7,11.79,-0.76,28298873.0,331945308.0
600367,红星发展,42.1,40.5,3.95,78735166.0,3235737192.0
600368,五洲交通,4.41,4.25,3.76,57165789.0,248731055.0
600369,西南证券,4.13,4.15,-0.48,31122606.0,128233788.0
600370,*ST三房,1.62,1.57,3.18,37388562.0,60645767.0
600371,万向德农,11.54,10.49,10.01,4908644.0,56645752.0
600372,中航机载,11.23,11.07,1.45,30189259.0,338574051.0
600373,中文传媒,7.27,7.19,1.11,7908387.0,57368785.0
600375,汉马科技,3.91,3.86,1.3,15445378.0,60022723.0
600376,首开股份,3.4,3.38,0.59,64231379.0,217106884.0
600377,宁沪高速,12.37,12.18,1.56,11344699.0,139724044.0
600378,昊华科技,53.31,48.46,10.01,55837138.0,2975549756.0
600379,宝光股份,14.18,14.22,-0.28,21103984.0,304066705.0
600380,健康元,9.37,9.28,0.97,12318441.0,114904708.0
600381,*ST春天,4.68,4.85,-3.51,7343000.0,34795670.0
600382,广东明珠,6.59,6.43,2.49,18868815.0,123331197.0
600383,金地集团,2.31,2.27,1.76,94583837.0,217333554.0
600386,北巴传媒,3.48,3.44,1.16,7004900.0,24241559.0
600388,紫金龙净,18.38,18.2,0.99,8921383.0,162911583.0
600389,江山股份,19.25,18.81,2.34,13604010.0,260359733.0
600390,五矿资本,5.09,5.14,-0.97,41292288.0,210182684.0
600391,航发科技,34.13,33.22,2.74,10852508.0,369860851.0
600392,盛和资源,22.93,23.23,-1.29,50856107.0,1166602277.0
600395,盘江股份,5.74,5.67,1.23,34203721.0,194666849.0
600396,华电辽能,14.17,14.71,-3.67,123444854.0,1771244208.0
600397,江钨装备,19.19,19.03,0.84,159500389.0,3060811623.0
600398,海澜之家,5.95,5.97,-0.34,23638773.0,140521663.0
600399,抚顺特钢,4.43,4.32,2.55,40391269.0,177708985.0
600400,红豆股份,2.91,2.93,-0.68,33072640.0,96936310.0
600403,大有能源,7.14,7.11,0.42,128537514.0,927985062.0
600405,动力源,4.62,4.6,0.43,6425858.0,29638431.0
600406,国电南瑞,23.01,23.06,-0.22,27766906.0,637989671.0
600408,安泰集团,3.09,3.04,1.64,52260100.0,161172579.0
600409,三友化工,7.44,7.1,4.79,57839000.0,424222979.0
600410,华胜天成,13.53,13.67,-1.02,41324553.0,567200593.0
600415,小商品城,12.46,12.28,1.47,45264693.0,560177668.0
600416,湘电股份,8.7,8.62,0.93,10204312.0,88587100.0
600418,江淮汽车,21.04,21.11,-0.33,37465573.0,788193225.0
600419,天润乳业,8.92,8.71,2.41,7657410.0,67316905.0
600420,国药现代,8.66,8.63,0.35,4606700.0,39707363.0
600422,昆药集团,8.71,8.64,0.81,6181510.0,53422102.0
600423,*ST柳化,2.94,2.9,1.38,3337500.0,9711627.0
600425,青松建化,3.75,3.69,1.63,16353400.0,60898646.0
600426,华鲁恒升,21.81,20.82,4.76,63876144.0,1362215510.0
600428,中远海特,11.47,10.98,4.46,64296885.0,735838317.0
600429,三元股份,4.75,4.66,1.93,14749000.0,69651324.0
600433,冠豪高新,3.46,3.42,1.17,31230017.0,107750036.0
600435,北方导航,10.72,10.55,1.61,16721100.0,179753076.0
600436,片仔癀,127.3,126.37,0.74,2367045.0,300008435.0
600438,通威股份,11.96,11.9,0.5,33614772.0,401703669.0
600439,ST瑞贝卡,1.94,1.89,2.65,27868580.0,53550690.0
600444,国机通用,14.48,14.34,0.98,2387200.0,34514363.0
600446,金证股份,11.1,11.27,-1.51,13310700.0,148646238.0
600448,华纺股份,3.02,2.98,1.34,14151056.0,42497370.0
600449,宁夏建材,12.75,12.49,2.08,14538474.0,184963226.0
600452,涪陵电力,9.15,9.2,-0.54,22634755.0,207468664.0
600455,博通股份,24.51,24.15,1.49,1250100.0,30529209.0
600456,宝钛股份,27.32,27.38,-0.22,4884370.0,133971909.0
600458,时代新材,11.78,11.89,-0.93,12009131.0,141939946.0
600459,贵研铂业,21.43,21.78,-1.61,22777728.0,488550485.0
600460,士兰微,34.17,34.88,-2.04,126561810.0,4388354719.0
600461,洪城环境,9.0,8.95,0.56,10978602.0,98627276.0
600463,空港股份,8.37,8.2,2.07,2685700.0,22360487.0
600467,好当家,2.47,2.41,2.49,44366002.0,108252586.0
600468,百利电气,6.54,6.65,-1.65,59009179.0,386493949.0
600469,风神股份,5.4,5.22,3.45,13246484.0,70566395.0
600470,六国化工,6.28,6.1,2.95,55440489.0,343738754.0
600475,华光环能,15.16,15.37,-1.37,7407055.0,112931671.0
600476,*ST湘邮,9.65,9.54,1.15,1128800.0,10847523.0
600477,杭萧钢构,2.51,2.49,0.8,26068555.0,65257697.0
600478,科力远,4.96,4.91,1.02,24624300.0,121494555.0
600479,千金药业,13.33,12.12,9.98,107203823.0,1392000797.0
600480,凌云股份,8.25,8.32,-0.84,8519270.0,70615738.0
600481,双良节能,4.39,4.34,1.15,38487422.0,168626103.0
600482,中国动力,31.81,31.82,-0.03,12244510.0,388516198.0
600483,福能股份,10.77,10.8,-0.28,9999865.0,107416157.0
600486,扬农化工,56.83,55.08,3.18,6922013.0,388629376.0
600487,亨通光电,68.7,71.3,-3.65,260227051.0,18323439306.0
600488,津药药业,5.6,5.7,-1.75,88747100.0,499202415.0
600489,中金黄金,26.68,26.69,-0.04,91048018.0,2399359878.0
600490,鹏欣资源,8.15,7.71,5.71,117890086.0,948822239.0
600491,ST龙元,1.68,1.63,3.07,104025044.0,175595737.0
600493,凤竹纺织,6.17,6.15,0.33,4508000.0,27726546.0
600495,晋西车轴,4.12,4.07,1.23,7856800.0,32222350.0
600496,精工钢构,3.36,3.35,0.3,19235700.0,64639680.0
600497,驰宏锌锗,10.57,10.53,0.38,147131895.0,1549822497.0
600498,烽火通信,41.18,42.71,-3.58,103637643.0,4362312905.0
600499,科达制造,14.23,14.26,-0.21,20687075.0,293683948.0
600500,中化国际,5.67,5.59,1.43,116672323.0,657546630.0
600501,航天晨光,14.36,14.29,0.49,3601285.0,51619772.0
600502,安徽建工,4.63,4.61,0.43,20054100.0,92553810.0
600503,华丽家族,2.25,2.21,1.81,32513800.0,73291682.0
600505,西昌电力,10.62,10.59,0.28,3986533.0,42242278.0
600506,统一股份,16.15,15.77,2.41,13032146.0,210287990.0
600507,方大特钢,4.29,4.27,0.47,28533891.0,122018822.0
600508,上海能源,12.12,11.76,3.06,91978943.0,1129783798.0
600509,天富能源,7.47,7.46,0.13,11853029.0,88370907.0
600510,黑牡丹,7.22,7.24,-0.28,6389624.0,46343902.0
600511,国药股份,26.77,26.78,-0.04,3638475.0,97002135.0
600512,腾达建设,2.1,2.06,1.94,27086599.0,56417553.0
600513,联环药业,16.63,16.38,1.53,10357801.0,171913129.0
600515,海南机场,2.84,2.81,1.07,81445705.0,229986638.0
600516,方大炭素,5.12,5.11,0.2,29565359.0,151177372.0
600517,国网英大,5.13,5.08,0.98,30710455.0,157280072.0
600518,康美药业,1.41,1.4,0.71,182412224.0,255870117.0
600519,贵州茅台,1297.4,1292.3,0.39,1612611.0,2086008422.0
600520,三佳科技,24.51,24.69,-0.73,6409520.0,160193897.0
600521,华海药业,16.46,16.64,-1.08,21897987.0,360434705.0
600522,中天科技,35.04,36.08,-2.88,266873981.0,9510078369.0
600523,贵航股份,11.98,11.97,0.08,4087300.0,49148106.0
600525,长园集团,5.32,5.36,-0.75,44026777.0,233596814.0
600526,菲达环保,4.75,4.7,1.06,7198100.0,33948608.0
600527,江南高纤,2.29,2.27,0.88,41633860.0,95096246.0
600528,中铁工业,6.99,6.99,0.0,7095901.0,49560798.0
600529,山东药玻,19.17,19.09,0.42,4028401.0,77037114.0
600530,ST交昂,3.9,3.77,3.45,14110750.0,55284806.0
600531,豫光金铅,14.17,13.95,1.58,74145841.0,1041907001.0
600533,栖霞建设,2.23,2.2,1.36,21484799.0,47582084.0
600535,天士力,14.89,14.82,0.47,15263887.0,226907849.0
600536,中国软件,33.77,32.94,2.52,43381604.0,1480290758.0
600537,*ST亿晶,2.17,2.16,0.46,14846242.0,31976942.0
600538,国发股份,5.21,5.21,0.0,5100700.0,26775487.0
600539,狮头股份,15.16,14.86,2.02,17514700.0,265438851.0
600540,新赛股份,5.05,4.59,10.02,5166419.0,26090416.0
600543,*ST莫高,4.25,4.15,2.41,2178616.0,9263454.0
600545,卓郎智能,4.31,4.35,-0.92,67761300.0,295331903.0
600546,山煤国际,13.99,13.97,0.14,16844000.0,234796179.0
600547,山东黄金,35.49,34.89,1.72,89992216.0,3144157267.0
600548,深高速,8.31,8.23,0.97,3180820.0,26340977.0
600549,厦门钨业,54.59,54.8,-0.38,47883798.0,2617969790.0
600550,保变电气,11.0,11.12,-1.08,16898990.0,186035480.0
600551,时代出版,7.5,6.82,9.97,18513648.0,138324673.0
600552,凯盛科技,17.88,18.09,-1.16,49433349.0,898414824.0
600556,天下秀,4.6,4.6,0.0,38544900.0,177885838.0
600557,康缘药业,12.94,12.44,4.02,15678413.0,202969318.0
600558,大西洋,4.92,4.92,0.0,14312400.0,70781158.0
600559,老白干酒,11.63,11.55,0.69,7449100.0,86285497.0
600560,金自天正,11.51,11.37,1.23,2262500.0,25980585.0
600561,江西长运,5.95,5.77,3.12,5377700.0,31700316.0
600562,国睿科技,28.97,27.3,6.12,19374999.0,551984551.0
600563,法拉电子,128.35,129.6,-0.96,2694759.0,349767910.0
600566,济川药业,25.05,25.22,-0.67,3531160.0,88225160.0
600567,山鹰国际,1.36,1.36,0.0,105344036.0,143629962.0
600568,ST中珠,2.16,2.18,-0.92,5325600.0,11551564.0
600569,安阳钢铁,1.86,1.83,1.64,26250219.0,48738246.0
600570,恒生电子,21.97,22.11,-0.63,25921159.0,574459988.0
600571,信雅达,10.88,11.05,-1.54,7939024.0,86930372.0
600572,康恩贝,4.5,4.51,-0.22,45564917.0,204912069.0
600573,惠泉啤酒,9.94,9.79,1.53,4013000.0,39688100.0
600575,淮河能源,3.36,3.31,1.51,45961293.0,153773542.0
600576,祥源文旅,5.58,5.52,1.09,6822100.0,37909745.0
600577,精达股份,8.48,8.63,-1.74,57660281.0,493248518.0
600578,京能电力,5.57,5.64,-1.24,45503142.0,254075050.0
600579,中化装备,7.02,6.99,0.43,2702800.0,18951925.0
600580,卧龙电驱,29.79,30.28,-1.62,28840747.0,866344728.0
600581,*ST八钢,2.39,2.35,1.7,8807240.0,20930217.0
600582,天地科技,4.97,4.94,0.61,18764952.0,92801243.0
600583,海油工程,6.15,6.11,0.65,27326285.0,167828428.0
600584,长电科技,74.93,76.54,-2.1,89201867.0,6809177242.0
600585,海螺水泥,18.24,18.02,1.22,32647342.0,591713924.0
600586,金晶科技,4.33,4.21,2.85,26091351.0,112388747.0
600587,新华医疗,12.6,12.57,0.24,3877761.0,48647617.0
600588,用友网络,10.25,10.18,0.69,136581462.0,1435062984.0
600589,大位科技,7.91,7.6,4.08,122513981.0,966586227.0
600590,泰豪科技,8.38,8.35,0.36,15170222.0,127542386.0
600592,龙溪股份,14.76,14.95,-1.27,16497136.0,246695213.0
600593,大连圣亚,41.53,41.68,-0.36,3382500.0,140697133.0
600594,益佰制药,4.17,4.08,2.21,106716978.0,446533643.0
600595,中孚实业,6.34,6.24,1.6,94588700.0,595822819.0
600596,新安股份,11.13,10.89,2.2,43892850.0,486891468.0
600597,光明乳业,6.92,6.79,1.91,10610436.0,72923763.0
600598,北大荒,13.42,13.56,-1.03,53891245.0,724173568.0
600600,青岛啤酒,51.14,50.99,0.29,3833166.0,195982919.0
600601,方正科技,12.33,12.43,-0.8,157788759.0,1990310291.0
600602,云赛智联,18.68,18.37,1.69,36893032.0,692467636.0
600603,广汇物流,4.83,4.69,2.99,17558400.0,84238409.0
600604,市北高新,4.88,4.98,-2.01,39081700.0,192840422.0
600605,汇通能源,25.84,26.56,-2.71,4541800.0,117858036.0
600606,绿地控股,1.3,1.28,1.56,103352495.0,133297132.0
600609,金杯汽车,3.36,3.36,0.0,14894300.0,50011689.0
600610,中毅达,9.43,9.03,4.43,123858085.0,1146127245.0
600611,大众交通,4.51,4.61,-2.17,51952878.0,236649285.0
600612,老凤祥,33.85,32.95,2.73,3803658.0,127542630.0
600613,神奇制药,12.4,11.61,6.8,198162068.0,2412858364.0
600615,鑫源智造,9.8,9.51,3.05,2949260.0,28681690.0
600616,金枫酒业,4.37,4.33,0.92,6933374.0,30170674.0
600617,国新能源,3.46,3.39,2.06,30128701.0,103327442.0
600618,氯碱化工,10.66,10.42,2.3,11209054.0,118542141.0
600619,海立股份,14.57,14.58,-0.07,16075300.0,234819233.0
600620,天宸股份,4.52,4.49,0.67,4567000.0,20559358.0
600621,华鑫股份,13.51,13.52,-0.07,11906117.0,160547051.0
600622,光大嘉宝,2.33,2.27,2.64,28245221.0,65454658.0
600623,华谊集团,8.86,8.6,3.02,20959826.0,183639412.0
600624,ST复华,4.39,4.26,3.05,4419349.0,19145991.0
600626,申达股份,3.7,3.65,1.37,13356624.0,48966220.0
600628,新世界,6.32,6.24,1.28,5851300.0,36818629.0
600629,华建集团,16.37,16.23,0.86,24408190.0,401384087.0
600630,龙头股份,6.96,6.86,1.46,10218900.0,70766066.0
600633,浙数文化,10.22,10.26,-0.39,12638434.0,129646109.0
600635,大众公用,4.72,4.66,1.29,34444699.0,162228087.0
600637,东方明珠,8.35,8.31,0.48,39845595.0,332340127.0
600638,新黄浦,5.08,4.98,2.01,14111471.0,71551140.0
600639,浦东金桥,9.48,9.5,-0.21,3362314.0,31812714.0
600640,国脉文化,10.64,10.66,-0.19,3559245.0,38008158.0
600641,先导基电,34.8,34.0,2.35,112300935.0,4022725821.0
600642,申能股份,8.48,8.42,0.71,29894692.0,252701412.0
600643,爱建集团,4.11,4.14,-0.72,14133401.0,58011444.0
600644,乐山电力,8.99,8.94,0.56,14842400.0,132936721.0
600645,中源协和,19.65,19.74,-0.46,10482828.0,208609640.0
600648,外高桥,9.2,9.28,-0.86,2227500.0,20528803.0
600649,城投控股,4.0,3.85,3.9,51346334.0,202891285.0
600650,锦江在线,10.67,10.67,0.0,2359098.0,25120839.0
600651,飞乐音响,5.52,5.67,-2.65,25233780.0,140182955.0
600653,申华控股,1.74,1.73,0.58,22094843.0,38263561.0
600654,中安科,3.63,3.3,10.0,116595253.0,423233989.0
600655,豫园股份,4.68,4.64,0.86,12033177.0,56161462.0
600657,信达地产,2.72,2.64,3.03,27868659.0,75117872.0
600658,电子城,4.07,4.04,0.74,8468940.0,34542971.0
600660,福耀玻璃,57.36,56.8,0.99,7081187.0,404126665.0
600661,昂立教育,8.82,8.54,3.28,7287600.0,63989978.0
600662,外服控股,4.27,4.21,1.43,11128429.0,47250435.0
600663,陆家嘴,8.98,9.12,-1.54,17450178.0,157541392.0
600664,哈药股份,9.0,8.75,2.86,440650442.0,3985042855.0
600665,天地源,3.61,3.51,2.85,14569848.0,52091414.0
600666,奥瑞德,3.57,3.62,-1.38,117516920.0,423353581.0
600667,太极实业,19.53,20.14,-3.03,187243303.0,3734641004.0
600668,尖峰集团,7.58,7.52,0.8,4696220.0,35521591.0
600671,天目药业,20.78,20.2,2.87,3218848.0,66569526.0
600673,东阳光,31.88,32.43,-1.7,20448135.0,659945969.0
600674,川投能源,15.39,15.55,-1.03,15463920.0,238124289.0
600675,中华企业,2.34,2.28,2.63,43581450.0,101267705.0
600676,久事动娱,6.77,6.8,-0.44,6379783.0,43424962.0
600678,ST金顶,5.72,5.73,-0.17,6880700.0,39191657.0
600679,上海凤凰,10.18,9.8,3.88,6683753.0,67546887.0
600681,百川能源,3.52,3.46,1.73,24597752.0,86250629.0
600682,南京新百,5.73,5.73,0.0,10063400.0,57419699.0
600683,京投发展,11.03,11.04,-0.09,64295601.0,709889417.0
600684,珠江股份,3.76,3.73,0.8,17420920.0,65589431.0
600685,中船防务,26.33,26.2,0.5,8562601.0,225272474.0
600686,金龙汽车,11.45,11.28,1.51,14130660.0,161720792.0
600688,上海石化,2.94,2.88,2.08,87129496.0,253740112.0
600689,上海三毛,12.22,11.11,9.99,9763300.0,116423363.0
600690,海尔智家,21.12,21.12,0.0,36779817.0,771117439.0
600691,潞化科技,2.94,2.67,10.11,80897756.0,230246334.0
600692,亚通股份,6.55,6.44,1.71,7648600.0,49748154.0
600693,东百集团,9.56,9.35,2.25,53304827.0,506173376.0
600694,大商股份,14.56,14.49,0.48,3123108.0,45326273.0
600697,欧亚集团,11.14,10.88,2.39,3443650.0,38164943.0
600698,湖南天雁,7.23,7.34,-1.5,25801451.0,186446171.0
600699,均胜电子,19.01,19.2,-0.99,17681604.0,338440424.0
600702,舍得酒业,35.38,35.27,0.31,5589964.0,197610466.0
600703,三安光电,13.12,13.31,-1.43,96198783.0,1278249293.0
600704,物产中大,4.99,4.96,0.6,40847773.0,203254404.0
600706,曲江文旅,8.24,8.06,2.23,7811300.0,63978967.0
600707,彩虹股份,9.24,9.51,-2.84,95545622.0,896531835.0
600708,光明地产,3.11,3.07,1.3,21616521.0,66985561.0
600710,苏美达,10.72,10.57,1.42,10417700.0,111163186.0
600711,盛屯矿业,12.0,11.95,0.42,87888706.0,1048506343.0
600712,南宁百货,5.61,5.45,2.94,11872600.0,66031995.0
600713,南京医药,5.29,5.28,0.19,9369100.0,49587949.0
600714,金瑞矿业,19.12,17.38,10.01,55488371.0,994709175.0
600715,文投控股,1.62,1.61,0.62,24192400.0,39178541.0
600716,凤凰股份,3.77,3.66,3.01,7743600.0,29032907.0
600717,天津港,4.34,4.34,0.0,14922415.0,64528804.0
600718,东软集团,8.31,8.24,0.85,7558747.0,62969997.0
600719,大连热电,7.22,7.1,1.69,9479740.0,68387295.0
600720,中交设计,5.27,5.26,0.19,9336600.0,48769286.0
600721,百花医药,15.44,16.68,-7.43,183716216.0,2908569073.0
600722,金牛化工,15.27,13.88,10.01,140844557.0,2059541721.0
600724,宁波富达,5.2,5.13,1.36,8977663.0,46592755.0
600725,云维股份,3.41,3.38,0.89,15692997.0,53313814.0
600726,华电能源,5.56,5.67,-1.94,75117364.0,419522049.0
600727,鲁北化工,7.84,7.61,3.02,26432600.0,205151706.0
600728,佳都科技,4.74,4.73,0.21,19233432.0,91444637.0
600729,重百集团,19.54,19.23,1.61,3040400.0,58975098.0
600730,*ST高科,10.0,10.37,-3.57,13802848.0,141804731.0
600731,湖南海利,5.94,5.89,0.85,7138600.0,42281104.0
600732,爱旭股份,11.85,11.4,3.95,34690239.0,407071360.0
600733,北汽蓝谷,5.14,5.11,0.59,57419532.0,295701190.0
600734,*ST实达,1.73,1.71,1.17,33044996.0,56971387.0
600735,ST新华锦,6.09,6.05,0.66,3902500.0,24008874.0
600736,苏州高新,6.9,6.99,-1.29,31246072.0,215751751.0
600737,中粮糖业,16.03,15.33,4.57,112848771.0,1825970002.0
600738,丽尚国潮,4.2,4.12,1.94,10602093.0,44194081.0
600739,辽宁成大,11.23,11.24,-0.09,14582105.0,163479879.0
600740,山西焦化,3.96,3.9,1.54,48183992.0,189455220.0
600741,华域汽车,15.39,15.32,0.46,14433873.0,222744520.0
600742,富维股份,7.74,7.75,-0.13,5371371.0,41507289.0
600743,华远控股,2.36,2.32,1.72,25638530.0,60431289.0
600744,华银电力,6.35,6.48,-2.01,57270428.0,365011338.0
600745,*ST闻泰,19.79,19.11,3.56,70271622.0,1377270283.0
600746,江苏索普,7.15,6.88,3.92,20719922.0,146252125.0
600748,上实发展,3.9,3.85,1.3,12514775.0,48656201.0
600749,西藏旅游,14.83,14.67,1.09,10583001.0,156770000.0
600750,华润江中,24.28,24.02,1.08,3227199.0,77941475.0
600751,海航科技,3.14,3.09,1.62,29769165.0,93047174.0
600753,ST海钦,10.28,9.83,4.58,2591300.0,26303928.0
600754,锦江酒店,19.25,19.2,0.26,6733920.0,129634430.0
600755,厦门国贸,5.74,5.72,0.35,13547096.0,77628589.0
600756,浪潮软件,14.42,14.35,0.49,14448831.0,211784370.0
600757,长江传媒,7.28,7.27,0.14,16290100.0,118408451.0
600758,辽宁能源,3.67,3.57,2.8,76620500.0,280300690.0
600759,ST洲际,2.57,2.57,0.0,85248800.0,218925769.0
600760,中航沈飞,46.52,45.13,3.08,31997056.0,1482837807.0
600761,安徽合力,16.39,16.37,0.12,9482149.0,155090249.0
600763,通策医疗,35.04,35.1,-0.17,5494968.0,193030088.0
600764,中国海防,18.35,17.78,3.21,9645350.0,176185729.0
600765,中航重机,13.82,13.54,2.07,26431511.0,364293141.0
600768,富邦新材,15.36,15.13,1.52,3174506.0,48424661.0
600769,祥龙电业,15.35,15.09,1.72,14111000.0,220706360.0
600770,综艺股份,5.13,5.18,-0.97,14374400.0,74099529.0
600771,广誉远,13.98,13.92,0.43,5782041.0,80541423.0
600773,西藏城投,11.27,10.79,4.45,32418001.0,362219704.0
600774,汉商集团,7.76,7.61,1.97,5367525.0,41276400.0
600775,南京熊猫,9.66,9.64,0.21,9698401.0,93683896.0
600776,东方通信,12.93,13.01,-0.61,13696400.0,178057087.0
600777,新潮能源,4.1,4.11,-0.24,13027980.0,53385656.0
600778,友好集团,5.65,5.56,1.62,6724760.0,37729618.0
600779,水井坊,27.2,26.97,0.85,2001033.0,54273745.0
600780,通宝能源,5.95,5.91,0.68,5790700.0,34325354.0
600782,新钢股份,2.9,2.86,1.4,57412591.0,166098165.0
600783,鲁信创投,15.85,16.15,-1.86,19806403.0,317324867.0
600784,鲁银投资,7.87,7.89,-0.25,8024900.0,63577943.0
600785,新华百货,12.42,11.65,6.61,79388283.0,959912653.0
600787,中储股份,4.67,4.62,1.08,17279879.0,80210006.0
600789,鲁抗医药,7.55,7.47,1.07,20481010.0,154124759.0
600790,轻纺城,3.43,3.38,1.48,15469787.0,52816329.0
600791,京能置业,7.79,7.53,3.45,13745401.0,107174960.0
600792,云煤能源,3.96,3.89,1.8,20879190.0,82164792.0
600793,宜宾纸业,14.91,14.54,2.54,9621330.0,143324822.0
600794,保税科技,3.25,3.23,0.62,9273400.0,30029260.0
600795,国电电力,5.19,5.23,-0.76,62344467.0,324114328.0
600796,钱江生化,5.2,5.13,1.36,6093600.0,31496340.0
600797,浙大网新,6.86,6.8,0.88,18674901.0,128428215.0
600798,宁波海运,3.32,3.29,0.91,16050669.0,53098116.0
600800,渤海化学,3.6,3.52,2.27,29187551.0,103961060.0
600801,华新建材,23.97,23.94,0.13,5993100.0,144386613.0
600802,福建水泥,4.81,4.71,2.12,5504540.0,26278370.0
600803,新奥股份,18.02,17.59,2.44,6434647.0,114882967.0
600805,悦达投资,4.65,4.64,0.22,5180455.0,23968967.0
600807,济高发展,2.69,2.67,0.75,10085885.0,27002346.0
600808,马钢股份,2.65,2.62,1.15,51615346.0,136418186.0
600809,山西汾酒,119.03,116.39,2.27,5079442.0,599381995.0
600810,神马股份,6.66,6.57,1.37,18173020.0,120827343.0
600812,华北制药,4.93,4.95,-0.4,13305293.0,65331471.0
600814,杭州解百,6.88,6.8,1.18,7587366.0,51782680.0
600815,厦工股份,4.46,4.05,10.12,179366126.0,776321123.0
600816,建元信托,2.53,2.56,-1.17,62580672.0,158483405.0
600817,XD宇通重,9.64,9.7,-0.62,2152223.0,20729057.0
600818,ST中路,7.66,7.48,2.41,4557901.0,34374256.0
600819,耀皮玻璃,5.7,5.6,1.79,8631001.0,49046057.0
600820,隧道股份,5.52,5.44,1.47,21103856.0,115915307.0
600821,金开新能,5.97,6.02,-0.83,46136596.0,275901568.0
600822,上海物贸,8.6,8.45,1.78,3296600.0,28283065.0
600824,益民集团,3.73,3.65,2.19,20258000.0,75031260.0
600825,新华传媒,5.05,5.06,-0.2,5584730.0,28269952.0
600826,兰生股份,7.75,7.75,0.0,5426722.0,42039259.0
600827,百联股份,7.78,7.7,1.04,13245971.0,102508303.0
600828,茂业商业,4.09,4.02,1.74,13604000.0,55318034.0
600829,人民同泰,10.31,10.58,-2.55,24835640.0,257920028.0
600830,香溢融通,8.42,8.45,-0.36,4162600.0,35008548.0
600831,广电网络,3.35,3.33,0.6,12712501.0,42302644.0
600833,第一医药,10.92,10.89,0.28,7745500.0,84697212.0
600834,申通地铁,7.72,7.52,2.66,5020600.0,38643343.0
600835,上海机电,18.01,18.14,-0.72,2384300.0,43223104.0
600838,上海九百,8.6,8.32,3.37,35175630.0,299817274.0
600839,四川长虹,6.97,7.02,-0.71,49194614.0,343614935.0
600841,动力新科,5.8,5.77,0.52,8506480.0,49254209.0
600843,上工申贝,7.11,7.05,0.85,5659900.0,40267929.0
600844,金煤科技,3.81,3.63,4.96,72536600.0,270970505.0
600845,宝信软件,17.61,17.47,0.8,15467441.0,273192787.0
600846,同济科技,11.89,11.84,0.42,2754981.0,32613386.0
600847,万里股份,12.94,12.84,0.78,1505475.0,19377993.0
600848,上海临港,8.65,8.69,-0.46,7235311.0,62738549.0
600850,电科数字,14.62,14.66,-0.27,7340634.0,108070596.0
600851,海欣股份,8.5,8.7,-2.3,10071031.0,86388739.0
600853,龙建股份,3.37,3.34,0.9,8598708.0,28927100.0
600854,春兰股份,4.65,4.6,1.09,6495462.0,30062663.0
600855,航天长峰,12.28,12.2,0.66,4441400.0,54580982.0
600857,宁波中百,20.02,20.37,-1.72,3540710.0,71913849.0
600858,银座股份,4.99,4.89,2.04,9508585.0,47114155.0
600859,王府井,10.11,9.96,1.51,11803895.0,118762133.0
600860,京城股份,8.4,8.43,-0.36,5036200.0,42371599.0
600861,北京人力,13.19,13.02,1.31,2462780.0,32405065.0
600862,中航高科,17.79,17.6,1.08,12872269.0,229066196.0
600863,华能蒙电,4.68,4.72,-0.85,62330469.0,291169828.0
600864,哈投股份,5.83,5.86,-0.51,65417283.0,381180289.0
600865,百大集团,9.27,8.91,4.04,9942000.0,91079544.0
600866,星湖科技,4.41,4.36,1.15,16847954.0,73721292.0
600867,通化东宝,8.18,8.16,0.25,17275790.0,140975276.0
600868,梅雁吉祥,2.93,2.87,2.09,84591279.0,246826361.0
600869,远东股份,18.65,17.95,3.9,263505169.0,4924696592.0
600871,石化油服,2.32,2.26,2.65,151735839.0,348347438.0
600872,中炬高新,18.51,18.31,1.09,8782279.0,161467696.0
600873,梅花生物,7.89,7.79,1.28,31852947.0,250226750.0
600874,创业环保,5.6,5.57,0.54,7065565.0,39416595.0
600875,东方电气,25.25,25.95,-2.7,47625189.0,1204866739.0
600876,凯盛新能,7.18,7.05,1.84,3193832.0,22780151.0
600877,电科芯片,12.19,12.26,-0.57,8357601.0,102340906.0
600879,航天电子,14.28,14.41,-0.9,44041808.0,631797911.0
600880,博瑞传播,3.94,3.92,0.51,11085943.0,43768705.0
600881,亚泰集团,1.99,2.06,-3.4,131484425.0,262292755.0
600882,妙可蓝多,20.42,20.58,-0.78,3322517.0,68065627.0
600883,博闻科技,8.0,7.97,0.38,5605860.0,44946812.0
600884,杉杉股份,12.04,12.15,-0.91,40153361.0,484457528.0
600885,宏发股份,34.3,34.02,0.82,10455202.0,356423935.0
600886,国投电力,13.64,13.91,-1.94,44364181.0,604665401.0
600887,伊利股份,26.86,26.45,1.55,74865698.0,1989587825.0
600888,新疆众和,10.51,10.54,-0.28,45531387.0,478906608.0
600889,*ST京化,13.43,13.41,0.15,1199001.0,16105663.0
600892,大晟文化,4.02,3.99,0.75,25545400.0,101940525.0
600893,航发动力,37.9,37.6,0.8,30925643.0,1173675706.0
600894,广日股份,7.36,7.31,0.68,5863868.0,43079414.0
600895,张江高科,30.45,30.68,-0.75,18111081.0,555354615.0
600897,厦门空港,14.87,14.68,1.29,2082746.0,30837163.0
600900,长江电力,28.05,28.1,-0.18,67454352.0,1886753422.0
600901,江苏金租,6.54,6.54,0.0,18421838.0,120357735.0
600903,贵州燃气,6.36,6.21,2.42,32424398.0,204826749.0
600905,三峡能源,3.72,3.72,0.0,55003666.0,204356403.0
600906,财达证券,6.7,6.71,-0.15,33255826.0,222597096.0
600908,无锡银行,5.5,5.54,-0.72,13569700.0,74663627.0
600909,华安证券,8.33,8.42,-1.07,94635596.0,790274876.0
600916,中国黄金,8.52,8.14,4.67,105320211.0,879644596.0
600917,重庆燃气,4.86,4.8,1.25,9137416.0,44185518.0
600918,中泰证券,5.74,5.79,-0.86,36827711.0,211530418.0
600919,江苏银行,12.04,12.07,-0.25,50434121.0,606539077.0
600925,苏能股份,4.36,4.37,-0.23,8730700.0,38120953.0
600926,杭州银行,16.59,16.8,-1.25,43166375.0,718975802.0
600927,永安期货,13.14,13.24,-0.76,8587787.0,113452060.0
600928,西安银行,3.46,3.59,-3.62,60763551.0,209684256.0
600929,雪天盐业,6.04,5.49,10.02,28853410.0,171880314.0
600930,华电新能,3.95,3.94,0.25,69678109.0,274818556.0
600933,爱柯迪,13.42,13.88,-3.31,13120435.0,178906402.0
600935,华塑股份,2.33,2.31,0.87,22986980.0,53380662.0
600936,北投科技,5.06,5.01,1.0,73050026.0,372047356.0
600938,中国海油,34.19,33.82,1.09,31199367.0,1060948654.0
600939,重庆建工,2.64,2.61,1.15,12665436.0,33331249.0
600941,中国移动,97.86,98.04,-0.18,6665543.0,649275084.0
600955,维远股份,12.94,12.73,1.65,3725284.0,48124315.0
600956,新天绿能,7.18,7.17,0.14,5297600.0,37979067.0
600958,东方证券,9.19,9.19,0.0,39828877.0,365443603.0
600959,江苏有线,3.08,3.07,0.33,29259918.0,90356095.0
600960,渤海汽车,4.07,4.06,0.25,6500500.0,26504401.0
600961,株冶集团,28.02,27.61,1.48,41073649.0,1145532796.0
600962,国投中鲁,25.12,25.34,-0.87,6700747.0,167833600.0
600963,岳阳林纸,3.55,3.51,1.14,29909680.0,105730445.0
600965,*ST福成,2.87,2.87,0.0,8166590.0,23183710.0
600966,博汇纸业,5.06,4.99,1.4,13280438.0,67307610.0
600967,内蒙一机,11.1,11.23,-1.16,21876109.0,242302623.0
600968,海油发展,3.94,3.98,-1.01,44289000.0,174910039.0
600969,郴电国际,10.09,10.45,-3.44,43737155.0,445303085.0
600970,中材国际,7.7,7.61,1.18,15284263.0,117021159.0
600971,恒源煤电,9.02,8.96,0.67,18584628.0,166954118.0
600973,宝胜股份,6.27,6.27,0.0,12433711.0,77797630.0
600975,新五丰,5.22,5.09,2.55,20382317.0,104856475.0
600976,健民集团,27.74,27.72,0.07,1457796.0,40408549.0
600977,中国电影,12.24,12.18,0.49,18390000.0,224466629.0
600979,广安爱众,3.95,3.96,-0.25,14287020.0,56405577.0
600980,北矿科技,20.12,20.33,-1.03,1890600.0,38089970.0
600981,苏豪汇鸿,2.51,2.49,0.8,15994300.0,39972212.0
600982,宁波能源,4.91,4.84,1.45,19806250.0,96983202.0
600983,惠而浦,7.66,7.65,0.13,1754200.0,13444260.0
600984,建设机械,3.94,4.31,-8.58,124620590.0,502109590.0
600985,淮北矿业,17.91,18.13,-1.21,26912797.0,482172331.0
600986,浙文互联,7.15,7.21,-0.83,49020641.0,353742333.0
600987,航民股份,6.64,6.6,0.61,6220261.0,41267709.0
600988,赤峰黄金,49.09,48.22,1.8,57958309.0,2805333947.0
600989,宝丰能源,24.49,24.0,2.04,64892160.0,1573839047.0
600990,四创电子,18.9,18.45,2.44,7559514.0,143313268.0
600992,贵绳股份,9.88,9.75,1.33,4642200.0,45757053.0
600993,马应龙,23.39,23.53,-0.59,2602800.0,60800408.0
600995,南网储能,12.59,12.42,1.37,10595200.0,132957527.0
600996,贵广网络,6.84,6.78,0.88,19770978.0,135818414.0
600997,开滦股份,5.86,5.84,0.34,10662500.0,62399465.0
600998,九州通,4.9,4.94,-0.81,21274645.0,104154977.0
600999,招商证券,18.71,18.65,0.32,64800273.0,1212548571.0
601000,唐山港,4.57,4.52,1.11,35897995.0,163325928.0
601001,晋控煤业,18.39,18.77,-2.02,20016500.0,367193496.0
601002,晋亿实业,5.28,5.26,0.38,11966982.0,63358389.0
601003,柳钢股份,4.05,3.68,10.05,39835688.0,156533939.0
601005,重庆钢铁,1.21,1.21,0.0,50622499.0,61277143.0
601006,大秦铁路,4.76,4.76,0.0,79117771.0,375207437.0
601007,金陵饭店,6.99,6.88,1.6,7030380.0,48923559.0
601008,连云港,4.48,4.43,1.13,12163900.0,54070414.0
601009,南京银行,11.59,11.62,-0.26,52352266.0,606814071.0
601010,ST文峰,1.51,1.46,3.42,30150900.0,45045653.0
601011,宝泰隆,3.1,3.01,2.99,91925141.0,284352722.0
601012,隆基绿能,12.43,12.15,2.3,87205479.0,1076081496.0
601015,陕西黑猫,3.82,3.71,2.96,76536236.0,290525702.0
601016,节能风电,3.39,3.41,-0.59,76357691.0,258597182.0
601018,宁波港,3.46,3.44,0.58,58194433.0,199583162.0
601019,山东出版,6.73,6.69,0.6,10481617.0,70399239.0
601020,华钰矿业,23.8,22.63,5.17,59883167.0,1392681138.0
601021,春秋航空,44.08,43.99,0.2,3203703.0,140644372.0
601022,宁波远洋,8.39,8.31,0.96,6351900.0,53247466.0
601026,道生天合,15.56,15.58,-0.13,3768209.0,58681790.0
601033,永兴股份,14.39,14.32,0.49,2924700.0,42031044.0
601038,一拖股份,14.33,14.32,0.07,19627710.0,279957077.0
601058,赛轮轮胎,14.39,13.99,2.86,51378473.0,736735281.0
601059,信达证券,16.76,16.88,-0.71,11765800.0,197288877.0
601061,中信金属,12.01,11.92,0.76,15699300.0,188001201.0
601065,江盐集团,6.95,6.9,0.72,7207150.0,49972891.0
601066,中信建投,25.58,25.78,-0.78,15225794.0,389814563.0
601068,中铝国际,4.7,4.57,2.84,14526047.0,67780716.0
601069,西部黄金,31.11,30.71,1.3,35008344.0,1079693412.0
601077,渝农商行,6.79,6.86,-1.02,44507300.0,303271662.0
601083,锦江航运,13.1,13.23,-0.98,17595711.0,230688209.0
601086,国芳集团,8.34,7.58,10.03,17997179.0,147100140.0
601088,中国神华,47.63,47.8,-0.36,22726453.0,1079822770.0
601089,福元医药,16.5,16.39,0.67,2901000.0,47627316.0
601096,宏盛华源,4.24,4.21,0.71,12543800.0,52990123.0
601098,中南传媒,9.89,9.89,0.0,9271700.0,92067359.0
601099,太平洋,3.58,3.6,-0.56,206040498.0,736575403.0
601100,恒立液压,101.36,103.0,-1.59,5119196.0,523342413.0
601101,昊华能源,14.81,14.22,4.15,55228998.0,798781231.0
601106,中国一重,3.08,3.08,0.0,41083605.0,125989675.0
601107,四川成渝,5.86,5.86,0.0,9646801.0,56563969.0
601108,财通证券,8.78,8.83,-0.57,52073702.0,458390045.0
601111,中国国航,5.94,5.88,1.02,58382617.0,344715087.0
601112,振石股份,15.51,15.45,0.39,3383088.0,52388256.0
601113,华鼎股份,3.55,3.48,2.01,13057900.0,46015164.0
601116,三江购物,11.06,10.78,2.6,16090090.0,177091895.0
601117,中国化学,7.66,7.61,0.66,61698914.0,470492318.0
601118,海南橡胶,6.67,6.49,2.77,165051498.0,1097901460.0
601121,宝地矿业,7.54,7.42,1.62,17218300.0,128908445.0
601126,四方股份,42.14,43.22,-2.5,20027026.0,854993675.0
601127,赛力斯,50.59,50.52,0.14,10679772.0,539973613.0
601128,常熟银行,6.15,6.23,-1.28,49492947.0,305303771.0
601133,柏诚股份,25.82,27.11,-4.76,14061930.0,370014119.0
601136,首创证券,14.42,14.31,0.77,14059176.0,201114555.0
601137,博威合金,21.41,21.12,1.37,26649969.0,576371319.0
601138,工业富联,64.04,63.86,0.28,157964468.0,10314637513.0
601139,深圳燃气,6.38,6.35,0.47,15932730.0,101352676.0
601155,新城控股,11.99,11.83,1.35,31098923.0,377479010.0
601156,东航物流,19.02,18.77,1.33,7195203.0,135775247.0
601158,重庆水务,4.16,4.13,0.73,6288000.0,26045673.0
601162,天风证券,3.82,3.84,-0.52,167465260.0,640311908.0
601163,三角轮胎,12.48,12.48,0.0,3691200.0,46054781.0
601166,兴业银行,17.43,18.01,-3.22,240910371.0,4214260533.0
601168,西部矿业,39.12,38.67,1.16,45258264.0,1756424052.0
601169,北京银行,5.09,5.09,0.0,74687451.0,379818293.0
601177,杭齿前进,13.57,13.73,-1.17,7992773.0,108624427.0
601179,中国西电,12.74,12.98,-1.85,72907457.0,932594122.0
601186,中国铁建,6.1,6.07,0.49,25178789.0,153325618.0
601187,厦门银行,7.15,7.15,0.0,12861172.0,92092486.0
601188,龙江交通,2.95,2.94,0.34,20546201.0,60460600.0
601198,东兴证券,14.05,14.1,-0.35,27519249.0,386163216.0
601199,江南水务,6.17,6.23,-0.96,7648800.0,47285470.0
601200,上海环境,7.04,6.97,1.0,6158648.0,43210905.0
601208,东材科技,51.28,49.1,4.44,92774558.0,4729179690.0
601211,国泰海通,17.92,17.91,0.06,52640034.0,942004267.0
601212,白银有色,7.63,7.2,5.97,694349822.0,5083451431.0
601216,君正集团,4.7,4.66,0.86,65521386.0,307099075.0
601218,吉鑫科技,4.53,4.52,0.22,16353904.0,73716065.0
601222,林洋能源,6.09,5.54,9.93,98731382.0,593354039.0
601225,陕西煤业,27.07,27.0,0.26,26840424.0,723615997.0
601226,华电科工,6.66,6.63,0.45,12439600.0,82441719.0
601228,广州港,3.11,3.08,0.97,21565794.0,66725199.0
601229,上海银行,9.3,9.55,-2.62,141099142.0,1314315096.0
601231,环旭电子,26.99,27.55,-2.03,27963591.0,774745532.0
601233,桐昆股份,27.45,26.0,5.58,92524216.0,2484147661.0
601236,红塔证券,7.0,7.05,-0.71,12213996.0,85434086.0
601238,广汽集团,5.36,5.17,3.68,51927400.0,276156742.0
601279,英利汽车,3.42,3.41,0.29,9838858.0,33736177.0
601288,农业银行,6.79,6.79,0.0,215226851.0,1458561562.0
601298,青岛港,9.07,8.98,1.0,7753300.0,70029480.0
601311,骆驼股份,7.47,7.43,0.54,6921476.0,51634369.0
601318,中国平安,55.85,55.87,-0.04,49747370.0,2770723801.0
601319,中国人保,7.14,7.18,-0.56,52126309.0,371439482.0
601326,秦港股份,3.43,3.4,0.88,21404700.0,73034708.0
601328,交通银行,7.1,7.07,0.42,115723590.0,820642837.0
601330,绿色动力,7.1,7.07,0.42,7632702.0,54083135.0
601333,广深铁路,3.02,2.98,1.34,74924119.0,224575006.0
601336,新华保险,59.8,60.59,-1.3,19173631.0,1148901469.0
601339,百隆东方,7.66,7.55,1.46,8202200.0,62270095.0
601360,三六零,9.3,8.72,6.65,235471844.0,2205186436.0
601366,利群股份,3.75,3.66,2.46,19570800.0,72947562.0
601368,绿城水务,4.57,4.56,0.22,4534100.0,20648707.0
601369,陕鼓动力,8.81,8.71,1.15,8471000.0,74189017.0
601375,中原证券,4.23,4.24,-0.24,52893800.0,222921366.0
601377,兴业证券,5.93,5.95,-0.34,55521089.0,328681676.0
601388,怡球资源,3.59,3.59,0.0,67466649.0,239669447.0
601390,中国中铁,4.45,4.41,0.91,95233574.0,420957662.0
601398,工商银行,7.86,7.82,0.51,239747473.0,1881891591.0
601399,国机重装,3.24,3.19,1.57,58956576.0,189556987.0
601456,国联民生,8.91,8.93,-0.22,15108819.0,134507160.0
601500,通用股份,4.01,3.95,1.52,27108014.0,107634528.0
601512,中新集团,7.97,7.9,0.89,3828500.0,30443010.0
601515,衢州东峰,3.5,3.55,-1.41,17310504.0,60844325.0
601518,吉林高速,2.83,2.79,1.43,19741817.0,55561851.0
601519,大智慧,8.9,8.82,0.91,76453997.0,685095633.0
601528,瑞丰银行,5.03,5.05,-0.4,8885005.0,44627095.0
601555,东吴证券,8.16,8.15,0.12,32133469.0,261917311.0
601566,九牧王,8.4,8.37,0.36,5048700.0,42408844.0
601567,三星电气,14.8,14.68,0.82,8627027.0,127345389.0
601568,北元化工,3.86,3.8,1.58,20582450.0,79058336.0
601577,长沙银行,9.56,9.45,1.16,18524173.0,177432990.0
601579,会稽山,19.33,20.09,-3.78,17723525.0,349148045.0
601588,北辰实业,1.76,1.75,0.57,32002901.0,56295916.0
601595,上海电影,16.66,16.66,0.0,2760588.0,46027409.0
601598,中国外运,6.87,6.66,3.15,21039740.0,143627861.0
601599,浙文影业,3.15,3.11,1.29,17109100.0,53550698.0
601600,中国铝业,9.82,9.65,1.76,189393105.0,1851476335.0
601601,中国太保,31.77,32.0,-0.72,33214005.0,1052124817.0
601606,长城军工,31.62,31.42,0.64,20070959.0,633000996.0
601607,上海医药,16.41,16.27,0.86,10335716.0,169410191.0
601608,中信重工,4.79,4.84,-1.03,29213775.0,139958323.0
601609,金田股份,12.98,13.35,-2.77,45706286.0,597568658.0
601611,中国核建,10.96,10.86,0.92,28262062.0,309751633.0
601615,明阳智能,10.6,10.85,-2.3,41723157.0,445744626.0
601616,广电电气,3.91,3.84,1.82,19658376.0,76553672.0
601618,中国中冶,2.65,2.62,1.15,87727201.0,231129626.0
601619,嘉泽新能,4.13,4.08,1.23,29268060.0,120220614.0
601628,中国人寿,38.27,38.61,-0.88,35446970.0,1360320866.0
601633,长城汽车,15.32,15.29,0.2,8034300.0,122823974.0
601636,旗滨集团,5.88,5.85,0.51,45209628.0,266378322.0
601658,邮储银行,4.99,5.0,-0.2,88976400.0,444056837.0
601665,齐鲁银行,6.59,6.55,0.61,45448065.0,298522012.0
601666,平煤股份,9.87,9.91,-0.4,24298240.0,239446930.0
601668,中国建筑,4.46,4.43,0.68,187609462.0,832412030.0
601669,中国电建,4.65,4.64,0.22,66376350.0,308030138.0
601677,明泰铝业,17.08,16.97,0.65,19997445.0,339313841.0
601678,滨化股份,6.81,6.48,5.09,245678482.0,1669588797.0
601686,友发集团,5.24,5.22,0.38,3533023.0,18477895.0
601688,华泰证券,19.41,19.3,0.57,57432316.0,1114302762.0
601689,拓普集团,47.09,47.43,-0.72,25103204.0,1185703662.0
601696,中银证券,12.08,12.19,-0.9,35349696.0,427870811.0
601698,中国卫通,24.04,24.33,-1.19,14523183.0,350795043.0
601699,潞安环能,17.1,17.31,-1.21,23678631.0,405370883.0
601700,风范股份,8.38,7.62,9.97,205142428.0,1622739432.0
601702,华峰铝业,16.15,15.88,1.7,11035030.0,177318397.0
601717,中创智领,15.05,15.08,-0.2,14941770.0,223941538.0
601718,ST际华,1.87,1.86,0.54,13053300.0,24491257.0
601727,上海电气,6.65,6.64,0.15,44838013.0,297237648.0
601728,中国电信,6.3,6.35,-0.79,91214067.0,573840203.0
601766,中国中车,6.2,6.21,-0.16,81246769.0,502915605.0
601777,千里科技,8.23,8.22,0.12,15165740.0,124808940.0
601778,晶科科技,3.71,3.73,-0.54,71491900.0,265104355.0
601788,XD光大证,14.76,14.55,1.44,34728058.0,511463899.0
601789,宁波建工,4.28,4.27,0.23,27589513.0,118259098.0
601798,蓝科高新,7.83,7.84,-0.13,7399900.0,57905088.0
601799,星宇股份,81.48,81.86,-0.46,4922753.0,404719489.0
601800,中国交建,5.98,5.95,0.5,21723766.0,129393785.0
601801,皖新传媒,5.15,5.08,1.38,21188478.0,108477363.0
601808,中海油服,12.85,12.58,2.15,26827798.0,343220887.0
601811,新华文轩,11.14,11.23,-0.8,4263426.0,47425151.0
601816,京沪高铁,4.86,4.85,0.21,111606440.0,540049536.0
601818,光大银行,3.03,3.04,-0.33,104700240.0,317403910.0
601825,沪农商行,8.83,9.04,-2.32,20994868.0,187241954.0
601827,三峰环境,8.15,8.2,-0.61,4984910.0,40605893.0
601828,美凯龙,2.21,2.18,1.38,39175279.0,86042034.0
601838,成都银行,18.71,18.76,-0.27,12132075.0,227054273.0
601857,中国石油,11.23,11.08,1.35,99283030.0,1110042827.0
601858,中国科传,21.93,22.15,-0.99,8494712.0,186490023.0
601860,紫金银行,2.54,2.55,-0.39,40837300.0,103891670.0
601865,福莱特,10.14,9.94,2.01,16347488.0,165026754.0
601866,中远海发,2.42,2.39,1.26,75274641.0,181135313.0
601868,中国能建,2.51,2.51,0.0,129114799.0,324280540.0
601869,长飞光纤,422.36,426.82,-1.04,21342189.0,9189036932.0
601872,招商轮船,18.98,18.62,1.93,86436224.0,1651491272.0
601877,正泰电器,25.74,25.74,0.0,16563207.0,426734256.0
601878,浙商证券,9.37,9.38,-0.11,23908275.0,223592916.0
601880,辽港股份,1.47,1.47,0.0,87807895.0,128765021.0
601881,中国银河,12.31,12.31,0.0,22764962.0,279534692.0
601882,海天精工,19.92,20.04,-0.6,4976924.0,99398922.0
601886,江河集团,12.91,13.32,-3.08,18098102.0,235427375.0
601888,中国中免,53.35,53.15,0.38,17962613.0,956708620.0
601890,亚星锚链,8.74,8.74,0.0,18964400.0,165941443.0
601898,中煤能源,15.36,14.95,2.74,51426714.0,777712225.0
601899,紫金矿业,34.65,34.57,0.23,199711535.0,6839817324.0
601900,南方传媒,11.58,11.58,0.0,4152800.0,48138115.0
601901,方正证券,6.92,6.91,0.14,36146662.0,249669980.0
601908,京运通,3.05,3.04,0.33,30620700.0,93317924.0
601916,浙商银行,2.89,2.89,0.0,110802147.0,319786175.0
601918,新集能源,10.88,10.75,1.21,35480110.0,384388557.0
601919,中远海控,16.88,17.11,-1.34,97776761.0,1656061104.0
601921,浙版传媒,7.41,7.28,1.79,7366800.0,54255289.0
601928,凤凰传媒,8.47,8.45,0.24,11172357.0,94943471.0
601929,吉视传媒,2.34,2.33,0.43,52877182.0,123512762.0
601933,永辉超市,3.15,3.13,0.64,115796840.0,363307315.0
601939,建设银行,10.69,10.57,1.14,90627745.0,961808005.0
601949,中国出版,5.22,5.16,1.16,7779700.0,40543939.0
601952,苏垦农发,9.4,9.18,2.4,39825367.0,371457184.0
601956,东贝集团,5.01,4.95,1.21,3848610.0,19223244.0
601958,金钼股份,23.15,23.39,-1.03,40966913.0,948813920.0
601963,重庆银行,11.01,11.0,0.09,8654900.0,94912179.0
601965,中国汽研,14.1,14.23,-0.91,4814700.0,67941889.0
601966,玲珑轮胎,11.19,11.08,0.99,6631743.0,73768084.0
601968,宝钢包装,4.62,4.56,1.32,11399153.0,52667745.0
601969,海南矿业,9.79,9.51,2.94,26599818.0,257783058.0
601975,招商南油,4.15,3.97,4.53,241990195.0,1000179876.0
601985,中国核电,8.92,8.9,0.22,70591306.0,628310471.0
601988,中国银行,6.19,6.14,0.81,228344020.0,1411406150.0
601990,南京证券,6.71,6.77,-0.89,22006913.0,147824462.0
601991,大唐发电,5.89,5.95,-1.01,152359130.0,899852761.0
601992,金隅集团,1.42,1.41,0.71,39169169.0,55221558.0
601995,中金公司,34.71,34.86,-0.43,19362620.0,673028545.0
601996,丰林集团,2.65,2.62,1.15,18174268.0,48097483.0
601997,贵阳银行,5.5,5.53,-0.54,41574897.0,228658130.0
601998,中信银行,8.72,8.66,0.69,57387747.0,500734434.0
601999,出版传媒,6.18,6.08,1.64,5878182.0,36153759.0
603000,人民网,16.42,16.41,0.06,11394411.0,187960827.0
603001,奥康国际,8.21,8.32,-1.32,8359500.0,69108022.0
603002,宏昌电子,17.67,16.91,4.49,129072070.0,2293956121.0
603004,鼎龙科技,19.1,19.32,-1.14,1939048.0,37314634.0
603005,晶方科技,30.2,30.83,-2.04,27055796.0,829244050.0
603006,联明股份,10.93,10.88,0.46,4487100.0,49100102.0
603007,顺景科技,5.37,4.88,10.04,78465200.0,413918513.0
603008,ST喜临门,8.4,8.39,0.12,6296500.0,52820169.0
603009,北特科技,46.09,46.91,-1.75,5312723.0,247089323.0
603010,万盛股份,12.16,11.63,4.56,13490400.0,164155573.0
603011,合锻智能,27.65,25.14,9.98,82006262.0,2204164216.0
603012,创力集团,10.07,9.34,7.82,58237483.0,578177014.0
603013,亚普股份,15.12,15.46,-2.2,6691723.0,101585046.0
603014,威高血净,32.02,32.1,-0.25,1262507.0,40561976.0
603015,弘讯科技,11.19,10.97,2.01,5648300.0,62801508.0
603016,新宏泰,31.69,28.81,10.0,3846800.0,118415842.0
603017,中衡设计,9.87,9.78,0.92,4293300.0,42085533.0
603018,华设集团,5.34,5.28,1.14,6403604.0,34066915.0
603019,中科曙光,85.82,86.54,-0.83,26450354.0,2286016919.0
603020,爱普股份,10.2,10.1,0.99,4658800.0,47608390.0
603021,*ST华鹏,5.51,5.41,1.85,3610700.0,19779414.0
603022,新通联,9.08,8.95,1.45,3241603.0,29290405.0
603023,威帝股份,4.28,4.31,-0.7,11027751.0,47669659.0
603025,大豪科技,13.73,13.84,-0.79,6877500.0,95065845.0
603026,石大胜华,63.59,63.0,0.94,5681921.0,361784467.0
603027,千禾味业,7.33,7.24,1.24,16347762.0,119155868.0
603028,赛福天,7.1,7.01,1.28,3357390.0,23818946.0
603029,天鹅股份,18.28,16.62,9.99,12627930.0,223641987.0
603030,全筑股份,2.13,2.1,1.43,26835300.0,56857396.0
603031,安孚科技,40.16,40.7,-1.33,6775423.0,274904046.0
603032,德新科技,19.65,19.86,-1.06,11086153.0,216703385.0
603033,三维股份,7.57,7.64,-0.92,10124027.0,78301793.0
603035,常熟汽饰,11.41,11.36,0.44,3441863.0,39266146.0
603036,如通股份,15.75,15.84,-0.57,6018700.0,95181419.0
603037,凯众股份,10.29,10.23,0.59,2502800.0,25815198.0
603038,华立股份,16.76,17.17,-2.39,8533700.0,144986427.0
603039,泛微网络,40.41,39.68,1.84,36858635.0,1489420394.0
603040,新坐标,50.11,52.45,-4.46,2754310.0,141870966.0
603041,美思德,11.3,11.15,1.35,1930020.0,21755274.0
603042,华脉科技,14.06,14.45,-2.7,7859260.0,111860788.0
603043,广州酒家,13.95,13.81,1.01,3438655.0,47612375.0
603045,福达合金,62.18,56.53,9.99,6203632.0,380340744.0
603048,浙江黎明,21.94,21.99,-0.23,1831400.0,40598578.0
603049,中策橡胶,50.38,50.11,0.54,2350946.0,118345904.0
603050,科林电气,17.9,17.89,0.06,2125264.0,38125837.0
603051,鹿山新材,21.15,20.88,1.29,3679302.0,78160792.0
603052,可川科技,58.23,58.79,-0.95,5439913.0,324126662.0
603053,成都燃气,8.81,8.73,0.92,1842000.0,16179154.0
603055,台华新材,9.49,9.3,2.04,21710541.0,204864396.0
603057,紫燕食品,20.43,21.44,-4.71,3192600.0,66084225.0
603058,永吉股份,9.38,9.27,1.19,5237124.0,48844374.0
603059,倍加洁,24.74,23.93,3.38,1664100.0,40721854.0
603060,国检集团,5.58,5.5,1.45,6234856.0,34704894.0
603061,金海通,337.46,356.9,-5.45,3643493.0,1258088691.0
603062,麦加芯彩,39.41,39.32,0.23,133900.0,5278434.0
603063,禾望电气,31.41,32.14,-2.27,16540088.0,527574339.0
603065,宿迁联盛,16.92,17.87,-5.32,34818100.0,604859142.0
603066,音飞储存,9.13,9.03,1.11,5511700.0,50177441.0
603067,振华股份,34.87,35.67,-2.24,21953891.0,781259889.0
603068,博通集成,35.74,36.45,-1.95,8117196.0,294854030.0
603069,海汽集团,13.28,13.12,1.22,2741500.0,36342492.0
603070,万控智造,11.76,11.65,0.94,1430500.0,16775260.0
603071,物产环能,12.67,12.66,0.08,2940300.0,37351536.0
603072,天和磁材,32.05,32.35,-0.93,1593353.0,51307884.0
603073,彩蝶实业,16.78,16.73,0.3,1062800.0,17782462.0
603075,热威股份,19.34,19.46,-0.62,2118751.0,41436354.0
603076,乐惠国际,20.61,20.77,-0.77,1677000.0,34534953.0
603077,和邦生物,2.44,2.4,1.67,268533997.0,649993037.0
603078,江化微,36.6,35.09,4.3,34542851.0,1259011112.0
603079,圣达生物,13.3,13.73,-3.13,13684592.0,182101474.0
603080,新疆火炬,19.78,19.65,0.66,1299899.0,25629437.0
603081,大丰实业,9.85,10.03,-1.79,4235700.0,41892901.0
603082,北自科技,44.61,40.55,10.01,6956718.0,304034128.0
603083,剑桥科技,192.31,198.21,-2.98,23439402.0,4613964809.0
603085,天成自控,9.95,9.93,0.2,5137600.0,51333999.0
603086,先达股份,6.33,5.75,10.09,22515945.0,136762547.0
603087,甘李药业,70.38,71.38,-1.4,5504955.0,389732559.0
603088,宁波精达,10.24,10.29,-0.49,17002719.0,175173333.0
603089,正裕工业,10.01,10.33,-3.1,11129408.0,111655716.0
603090,宏盛股份,38.3,38.71,-1.06,2295473.0,89475746.0
603091,众鑫股份,50.29,50.0,0.58,538520.0,27098460.0
603092,德力佳,42.3,42.0,0.71,1080334.0,45591561.0
603093,南华期货,13.22,13.52,-2.22,45725773.0,612780156.0
603095,越剑智能,16.98,16.31,4.11,21779027.0,366277236.0
603096,新经典,14.98,14.72,1.77,1398500.0,20849653.0
603097,江苏华辰,18.91,19.21,-1.56,1502480.0,28618091.0
603098,森特股份,10.53,10.18,3.44,5641959.0,58769357.0
603099,长白山,39.76,39.26,1.27,5618601.0,222878546.0
603100,川仪股份,19.05,17.81,6.96,16616320.0,314049824.0
603101,汇嘉时代,7.67,7.44,3.09,11893383.0,90510431.0
603102,百合股份,40.48,40.86,-0.93,2920200.0,119444352.0
603103,横店影视,15.06,14.95,0.74,3169165.0,47852738.0
603105,芯能科技,7.62,7.88,-3.3,22728760.0,173590245.0
603106,恒银科技,7.93,8.19,-3.17,32808980.0,263706815.0
603107,上海汽配,11.95,11.93,0.17,1058700.0,12635127.0
603108,润达医疗,9.82,9.73,0.92,15268995.0,151143191.0
603109,神驰机电,17.58,17.63,-0.28,970800.0,17118054.0
603110,东方材料,24.03,24.31,-1.15,10116800.0,244151082.0
603111,康尼机电,6.28,6.09,3.12,11758030.0,73275709.0
603112,华翔股份,16.29,15.89,2.52,15830756.0,257856629.0
603113,金能科技,5.52,5.33,3.56,40026037.0,217505699.0
603115,海星股份,75.29,77.77,-3.19,4846130.0,372288241.0
603116,红蜻蜓,6.45,6.42,0.47,5577200.0,36007404.0
603117,万林物流,4.03,3.93,2.54,8281940.0,33242000.0
603118,共进股份,17.73,18.22,-2.69,117590492.0,2120362552.0
603119,浙江荣泰,51.02,51.98,-1.85,8127655.0,419039076.0
603120,肯特催化,45.86,46.11,-0.54,1440600.0,66501081.0
603121,华培动力,13.84,13.92,-0.57,15824406.0,221657356.0
603122,合富中国,12.38,12.31,0.57,15557098.0,192276519.0
603123,翠微股份,9.7,9.91,-2.12,28573800.0,279340979.0
603124,江南新材,124.0,131.95,-6.03,4667100.0,593214293.0
603125,常青科技,23.23,23.12,0.48,3748823.0,87231382.0
603126,中材节能,6.38,6.22,2.57,11361700.0,71710702.0
603127,昭衍新药,47.54,48.14,-1.25,36935239.0,1800214985.0
603128,华贸物流,5.62,5.61,0.18,10603330.0,59449837.0
603129,春风动力,297.99,304.13,-2.02,1391536.0,415928135.0
603130,云中马,39.75,40.05,-0.75,735900.0,29382849.0
603131,上海沪工,14.68,14.54,0.96,5903133.0,86566046.0
603132,金徽股份,20.15,19.75,2.03,13212218.0,263933103.0
603135,中重科技,9.14,9.1,0.44,17703550.0,164710566.0
603136,天目湖,9.27,9.18,0.98,3937185.0,36421768.0
603137,恒尚节能,22.75,24.44,-6.91,24234308.0,560222167.0
603138,海量数据,12.75,12.71,0.31,5083205.0,65679520.0
603139,康惠股份,34.63,35.43,-2.26,1338500.0,46949898.0
603150,万朗磁塑,53.49,50.82,5.25,2240800.0,119011019.0
603151,邦基科技,16.01,15.95,0.38,3112600.0,49785302.0
603153,上海建科,13.27,13.25,0.15,990400.0,13121212.0
603155,新亚强,14.13,13.83,2.17,9292270.0,131315699.0
603156,养元饮品,42.11,42.53,-0.99,13570834.0,572802829.0
603158,腾龙股份,10.77,11.0,-2.09,21397005.0,234492480.0
603159,上海亚虹,24.54,22.67,8.25,7854360.0,186788951.0
603160,汇顶科技,48.89,49.68,-1.59,3342730.0,164779400.0
603161,科华控股,15.71,15.66,0.32,4265792.0,67042117.0
603162,海通发展,12.68,11.96,6.02,50149028.0,631679009.0
603163,圣晖集成,81.16,80.28,1.1,2932296.0,241405800.0
603165,荣晟环保,14.53,14.23,2.11,7388070.0,107141341.0
603166,福达股份,10.82,10.96,-1.28,6394489.0,69513593.0
603167,渤海轮渡,8.14,8.12,0.25,4849000.0,39538220.0
603168,莎普爱思,6.03,5.98,0.84,13445878.0,81536715.0
603169,兰石重装,6.6,6.54,0.92,13099836.0,86696157.0
603170,宝立食品,12.33,12.34,-0.08,1639000.0,20227401.0
603171,税友股份,44.34,40.31,10.0,14328298.0,617506777.0
603172,万丰股份,19.5,18.4,5.98,8056979.0,152308616.0
603173,福斯达,31.42,31.6,-0.57,1289200.0,41070790.0
603175,超颖电子,92.85,90.7,2.37,2053807.0,191213532.0
603176,汇通集团,5.42,5.26,3.04,7501100.0,40365675.0
603177,德创环保,11.02,10.89,1.19,6930500.0,76993714.0
603178,圣龙股份,16.23,16.48,-1.52,6345262.0,103646447.0
603179,新泉股份,39.46,39.81,-0.88,16535275.0,653796274.0
603180,金牌家居,15.5,15.35,0.98,956975.0,14853784.0
603181,皇马科技,13.12,12.98,1.08,4467700.0,58712917.0
603182,嘉华股份,13.72,13.38,2.54,2200300.0,29944271.0
603183,建研院,4.78,4.69,1.92,12021570.0,57593037.0
603185,弘元绿能,16.2,16.15,0.31,9376401.0,151250751.0
603186,华正新材,183.6,183.39,0.11,26078232.0,4947547953.0
603187,海容冷链,11.19,11.15,0.36,4056549.0,45322934.0
603188,亚邦股份,5.07,4.87,4.11,23444000.0,117851274.0
603189,*ST网达,9.37,9.24,1.41,2451000.0,23047849.0
603190,亚通精工,16.11,16.64,-3.19,3648147.0,59483323.0
603191,望变电气,15.04,14.41,4.37,22838293.0,336028894.0
603192,汇得科技,20.36,20.05,1.55,1366200.0,27660663.0
603193,润本股份,20.55,20.54,0.05,1585700.0,32538822.0
603194,中力股份,34.05,34.34,-0.84,564500.0,19285687.0
603195,公牛集团,39.13,39.97,-2.1,6180603.0,241289092.0
603196,璞源材料,19.73,20.13,-1.99,1994400.0,39454313.0
603197,保隆科技,29.96,30.43,-1.54,4154220.0,125591227.0
603198,迎驾贡酒,40.51,39.38,2.87,6436161.0,257693154.0
603199,九华旅游,34.4,34.09,0.91,1817900.0,62436851.0
603200,上海洗霸,43.64,44.7,-2.37,16595333.0,726655670.0
603201,常润股份,14.88,14.84,0.27,2236296.0,33184306.0
603202,天有为,52.62,52.25,0.71,802957.0,42220412.0
603203,快克智能,44.0,43.87,0.3,12966450.0,586736473.0
603205,健尔康,22.41,23.04,-2.73,1279844.0,28897509.0
603206,嘉环科技,13.85,13.89,-0.29,2545400.0,35474868.0
603207,小方制药,23.25,23.55,-1.27,2182201.0,50988307.0
603208,江山欧派,11.46,11.31,1.33,1403429.0,16063507.0
603209,兴通股份,14.29,14.18,0.78,4964900.0,70980109.0
603210,泰鸿万立,13.74,13.61,0.96,4040194.0,55529482.0
603211,晋拓股份,21.58,21.95,-1.69,5194400.0,113204157.0
603212,赛伍技术,11.8,11.72,0.68,8348872.0,99264664.0
603213,镇洋发展,14.0,13.96,0.29,1687340.0,23593654.0
603214,爱婴室,13.87,13.64,1.69,2265600.0,31319130.0
603215,比依股份,14.6,14.3,2.1,1420300.0,20662572.0
603216,梦天家居,20.59,20.59,0.0,2379200.0,49152551.0
603217,元利科技,29.93,29.33,2.05,6070859.0,181567590.0
603218,日月股份,9.57,9.79,-2.25,9150168.0,87343687.0
603219,富佳股份,13.9,14.0,-0.71,2410700.0,33830149.0
603220,中贝通信,18.53,18.91,-2.01,19302945.0,362008884.0
603221,爱丽家居,29.1,28.65,1.57,18278391.0,527755240.0
603222,济民健康,8.2,8.24,-0.49,8462740.0,69543648.0
603223,恒通股份,10.43,10.32,1.07,5439388.0,56827076.0
603225,新凤鸣,20.79,20.42,1.81,23146883.0,477103208.0
603226,菲林格尔,37.08,35.45,4.6,7468535.0,271742206.0
603227,雪峰科技,7.83,7.64,2.49,8807495.0,68446171.0
603228,景旺电子,93.9,96.74,-2.94,32640048.0,3145695756.0
603229,奥翔药业,8.03,8.05,-0.25,4320170.0,34772380.0
603230,内蒙新华,9.09,9.04,0.55,1710200.0,15528369.0
603231,索宝蛋白,16.5,16.35,0.92,4523500.0,74086429.0
603232,格尔软件,15.43,15.29,0.92,16082880.0,253276179.0
603233,大参林,18.15,17.72,2.43,8745957.0,157270132.0
603235,天新药业,23.25,23.14,0.48,291100.0,6771083.0
603236,移远通信,56.04,56.62,-1.02,7191213.0,407480414.0
603237,五芳斋,15.57,15.88,-1.95,12042207.0,192211114.0
603238,诺邦股份,12.34,12.05,2.41,2467145.0,30144002.0
603239,浙江仙通,14.23,14.09,0.99,2096900.0,29910035.0
603248,锡华科技,18.18,18.0,1.0,2365023.0,43078745.0
603255,鼎际得,32.8,31.92,2.76,2198700.0,71393001.0
603256,宏和科技,139.17,140.76,-1.13,13858559.0,1954543249.0
603257,中国瑞林,67.0,66.88,0.18,2162198.0,143683764.0
603258,电魂网络,12.75,12.9,-1.16,1796300.0,23008578.0
603259,药明康德,157.4,159.94,-1.59,29193729.0,4626900106.0
603260,合盛硅业,35.07,34.73,0.98,8516666.0,298411565.0
603261,立航科技,57.0,58.73,-2.95,6242800.0,371137269.0
603262,技源集团,18.83,18.69,0.75,7452479.0,142701133.0
603266,天龙股份,15.94,16.0,-0.38,1662441.0,26680832.0
603267,鸿远电子,48.34,48.77,-0.88,5920200.0,290076073.0
603268,松发股份,187.3,187.0,0.16,4074722.0,759800640.0
603269,海鸥股份,22.18,20.16,10.02,15526810.0,341607946.0
603270,金帝股份,27.5,28.05,-1.96,3829200.0,107499467.0
603271,永杰新材,42.24,42.95,-1.65,2728662.0,115964336.0
603272,*ST联翔,15.02,13.92,7.9,7875500.0,118062957.0
603273,天元智能,14.74,14.61,0.89,1940642.0,28499620.0
603275,众辰科技,36.66,36.83,-0.46,698300.0,25685882.0
603276,恒兴新材,15.41,15.45,-0.26,2303149.0,35544146.0
603277,银都股份,11.91,11.97,-0.5,3608843.0,42870459.0
603278,大业股份,9.13,9.11,0.22,6018100.0,55023342.0
603279,景津装备,11.53,11.4,1.14,14741870.0,169572214.0
603280,南方路机,26.68,26.11,2.18,2747799.0,72500544.0
603281,江瀚新材,19.5,19.5,0.0,3532970.0,69422973.0
603282,亚光股份,16.47,15.96,3.2,3185900.0,52089680.0
603283,赛腾股份,47.45,48.48,-2.12,17157353.0,829955637.0
603284,林平发展,42.76,43.05,-0.67,1209224.0,51888311.0
603285,键邦股份,33.3,34.29,-2.89,6925492.0,231149535.0
603286,日盈电子,42.81,44.94,-4.74,3883450.0,170660383.0
603288,海天味业,34.12,34.1,0.06,26301317.0,889598868.0
603289,泰瑞机器,8.96,8.86,1.13,3872800.0,34686133.0
603290,斯达半导,91.07,93.25,-2.34,6940700.0,639568698.0
603291,联合水务,8.93,8.99,-0.67,4528400.0,40819123.0
603293,埃泰克,35.92,35.55,1.04,1472859.0,52942165.0
603296,华勤技术,78.2,78.49,-0.37,21955743.0,1751722592.0
603297,永新光学,105.33,107.28,-1.82,939189.0,100288413.0
603298,杭叉集团,26.26,26.36,-0.38,3518425.0,92324989.0
603299,苏盐井神,9.03,8.84,2.15,6564301.0,58885741.0
603300,海南华铁,4.84,4.81,0.62,26883725.0,129694848.0
603301,振德医疗,84.11,84.09,0.02,1918480.0,161199052.0
603303,得邦照明,24.14,24.44,-1.23,1593600.0,38667002.0
603305,旭升集团,11.32,11.27,0.44,15484058.0,176015248.0
603306,华懋科技,77.06,77.47,-0.53,13154675.0,1035085088.0
603307,扬州金泉,24.93,24.86,0.28,887660.0,22244948.0
603308,应流股份,43.99,45.05,-2.35,13187716.0,585138309.0
603309,维力医疗,11.42,11.39,0.26,2385246.0,27195380.0
603310,巍华新材,14.63,14.51,0.83,1707400.0,24912631.0
603311,金海高科,27.51,27.75,-0.86,1997800.0,55586877.0
603312,西典新能,31.75,31.81,-0.19,738100.0,23675399.0
603313,梦百合,6.13,6.05,1.32,18647774.0,113940537.0
603315,福鞍股份,11.48,11.78,-2.55,4291732.0,49664290.0
603316,诚邦股份,13.87,14.23,-2.53,7030800.0,98742646.0
603317,天味食品,13.58,13.4,1.34,7490110.0,101170417.0
603318,水发燃气,9.78,9.94,-1.61,54482069.0,536479604.0
603319,美湖股份,26.51,29.45,-9.98,36290865.0,978344520.0
603320,迪贝电气,17.15,17.63,-2.72,4755485.0,82132952.0
603321,梅轮电梯,6.52,6.41,1.72,3109368.0,20123350.0
603322,超讯科技,25.24,25.43,-0.75,2695200.0,68476289.0
603323,苏农银行,4.31,4.32,-0.23,31300022.0,134746030.0
603324,盛剑科技,26.59,27.64,-3.8,4068939.0,110481591.0
603325,博隆技术,54.1,55.02,-1.67,318160.0,17351401.0
603326,我乐家居,7.24,7.07,2.4,3780100.0,27232439.0
603327,福蓉科技,9.65,9.54,1.15,28627868.0,276313194.0
603328,依顿电子,10.96,10.98,-0.18,13275223.0,147045173.0
603329,上海雅仕,10.44,10.31,1.26,3715020.0,38613258.0
603330,天洋新材,11.02,10.87,1.38,151596855.0,1727062715.0
603331,百达精工,12.7,12.76,-0.47,4091700.0,52080114.0
603332,苏州龙杰,11.85,11.66,1.63,3700809.0,43596431.0
603333,福华尚纬,10.29,10.22,0.68,24957800.0,254946259.0
603334,丰倍生物,32.6,32.06,1.68,1639355.0,53207256.0
603335,迪生力,6.73,6.56,2.59,13737500.0,92618909.0
603336,宏辉果蔬,9.55,9.58,-0.31,17378153.0,165084775.0
603337,杰克科技,37.79,38.24,-1.18,2551846.0,96599289.0
603338,浙江鼎力,57.35,57.8,-0.78,10206969.0,598856418.0
603339,四方科技,14.66,14.38,1.95,8658568.0,126885487.0
603341,龙旗科技,36.85,38.1,-3.28,10145725.0,378414975.0
603344,星德胜,23.94,23.48,1.96,5360400.0,129621669.0
603345,安井食品,77.52,77.48,0.05,5690957.0,442216542.0
603348,文灿股份,14.29,14.28,0.07,1150000.0,16455306.0
603350,安乃达,28.49,28.29,0.71,267100.0,7610802.0
603351,威尔药业,26.07,26.23,-0.61,861400.0,22438026.0
603352,至信股份,25.82,25.78,0.16,701552.0,18090925.0
603353,和顺石油,32.68,32.2,1.49,3102400.0,101766350.0
603355,莱克电气,27.99,29.01,-3.52,2642767.0,74852668.0
603356,华菱精工,17.03,16.91,0.71,2437700.0,41497206.0
603357,设计总院,6.07,6.01,1.0,2974903.0,17968334.0
603358,华达科技,45.2,47.68,-5.2,14263247.0,653509800.0
603359,*ST东珠,2.28,2.24,1.79,5090792.0,11536928.0
603360,百傲化学,13.85,13.82,0.22,13380300.0,185135188.0
603363,傲农生物,3.0,2.98,0.67,27894730.0,83143032.0
603365,水星家纺,17.43,17.18,1.46,2657691.0,46249659.0
603366,日出东方,7.38,7.22,2.22,27309803.0,200406596.0
603367,辰欣药业,14.85,14.79,0.41,7896400.0,117544962.0
603368,柳药集团,15.92,15.98,-0.38,3340200.0,53216153.0
603369,今世缘,28.47,28.5,-0.11,9000579.0,255215729.0
603370,华新精科,32.47,32.81,-1.04,342039.0,11177787.0
603373,安邦护卫,42.65,42.46,0.45,1662198.0,71432295.0
603375,盛景微,37.8,38.03,-0.6,1113100.0,42537753.0
603376,大明电子,25.77,26.07,-1.15,1178717.0,30494284.0
603377,ST东时,2.89,2.9,-0.34,1881400.0,5417237.0
603378,*ST亚士,6.51,6.5,0.15,5395545.0,35117535.0
603379,三美股份,60.45,59.76,1.15,8945460.0,536916988.0
603380,易德龙,34.4,34.29,0.32,3522860.0,122424067.0
603381,永臻股份,15.21,15.35,-0.91,4116900.0,62696587.0
603382,海阳科技,19.71,19.64,0.36,3548552.0,69959677.0
603383,顶点软件,29.42,29.49,-0.24,2733242.0,81132624.0
603385,惠达卫浴,5.73,5.6,2.32,3207740.0,18225881.0
603386,骏亚科技,14.16,14.15,0.07,5776300.0,82587513.0
603387,基蛋生物,9.33,9.41,-0.85,9214544.0,86153014.0
603389,亚振家居,42.8,43.3,-1.15,1974399.0,85636463.0
603390,通达电气,10.06,10.04,0.2,4073100.0,40999957.0
603391,力聚热能,70.86,69.3,2.25,1887202.0,131968472.0
603392,万泰生物,30.37,31.34,-3.1,11039907.0,339684437.0
603393,新天然气,26.19,25.99,0.77,6289700.0,164242807.0
603395,红四方,31.0,29.33,5.69,29687334.0,899932528.0
603396,金辰股份,31.9,29.0,10.0,15741161.0,478784756.0
603398,*ST沐邦,10.39,10.43,-0.38,5718900.0,59915290.0
603399,永杉锂业,15.3,15.08,1.46,55710369.0,850221791.0
603400,华之杰,44.29,45.61,-2.89,2861592.0,128813735.0
603402,陕西旅游,68.77,65.52,4.96,4750603.0,327303362.0
603406,天富龙,30.35,29.72,2.12,4686756.0,140091640.0
603407,长裕集团,57.8,58.41,-1.04,4469271.0,259971947.0
603408,建霖家居,11.64,11.56,0.69,3645161.0,42117453.0
603409,汇通控股,18.33,18.1,1.27,3125446.0,57435177.0
603416,信捷电气,46.88,47.01,-0.28,2212540.0,104741987.0
603418,友升股份,44.37,43.91,1.05,881768.0,38890953.0
603421,鼎信通讯,5.97,5.83,2.4,10911401.0,65115009.0
603429,*ST集友,8.54,8.47,0.83,2565820.0,22097139.0
603435,嘉德利,52.31,53.3,-1.86,5694070.0,305767652.0
603439,三力制药,12.17,12.47,-2.41,11704300.0,145128198.0
603444,吉比特,388.08,388.36,-0.07,826544.0,320805042.0
603456,九洲药业,15.55,15.97,-2.63,20182588.0,316125242.0
603458,勘设股份,9.06,9.1,-0.44,9318545.0,85163139.0
603459,红板科技,86.34,89.45,-3.48,10345391.0,909319777.0
603466,风语筑,11.15,11.09,0.54,75752685.0,850308845.0
603468,津富士达,23.82,24.01,-0.79,3068834.0,73358445.0
603477,巨星农牧,15.2,15.14,0.4,9723521.0,146562858.0
603486,科沃斯,53.02,53.03,-0.02,3919232.0,207968990.0
603488,展鹏科技,8.24,8.18,0.73,5811700.0,47909730.0
603489,八方股份,27.66,28.1,-1.57,3030660.0,83518883.0
603496,恒为科技,23.56,23.81,-1.05,8590038.0,205289350.0
603499,翔港科技,12.23,12.02,1.75,3913920.0,47797050.0
603500,祥和实业,9.61,9.68,-0.72,7755500.0,75393092.0
603501,豪威集团,82.0,84.54,-3.0,19775881.0,1642924210.0
603505,金石资源,16.26,15.89,2.33,13911145.0,225170478.0
603506,南都物业,11.63,11.3,2.92,5708254.0,65840156.0
603507,振江股份,23.8,23.59,0.89,6703956.0,160240962.0
603508,思维列控,21.56,21.59,-0.14,1890630.0,40770891.0
603511,爱慕股份,12.79,12.49,2.4,2193358.0,28100465.0
603515,欧普照明,16.24,16.41,-1.04,5453505.0,86309143.0
603516,淳中科技,91.04,93.6,-2.74,5648337.0,526787189.0
603517,ST绝味,11.41,11.33,0.71,2954720.0,33644280.0
603518,锦泓集团,8.08,8.02,0.75,6463100.0,51930322.0
603519,立霸股份,17.24,17.07,1.0,9492429.0,163571330.0
603520,司太立,9.05,9.14,-0.98,5666800.0,51348904.0
603527,众源新材,10.07,10.05,0.2,8648575.0,87028529.0
603528,多伦科技,6.37,6.33,0.63,7911088.0,50703074.0
603529,爱玛科技,21.46,21.48,-0.09,5851734.0,126124234.0
603530,神马电力,48.12,47.47,1.37,4724000.0,227069753.0
603533,掌阅科技,20.54,20.71,-0.82,18861747.0,391579023.0
603535,嘉诚国际,6.45,6.26,3.04,4357851.0,27807496.0
603536,惠发食品,9.7,9.5,2.11,5394900.0,51938581.0
603538,美诺华,27.3,27.1,0.74,46211610.0,1267336284.0
603551,奥普科技,9.47,9.28,2.05,3551900.0,33490073.0
603556,海兴电力,24.69,24.83,-0.56,4376200.0,108235832.0
603557,*ST起步,3.5,3.52,-0.57,4717700.0,16480958.0
603558,健盛集团,11.98,11.82,1.35,2517800.0,29996923.0
603559,中通国脉,9.58,8.71,9.99,28195643.0,266944404.0
603565,中谷物流,13.15,12.89,2.02,34387756.0,451099188.0
603566,普莱柯,10.33,10.23,0.98,2193423.0,22500568.0
603567,珍宝岛,5.82,5.86,-0.68,34478804.0,201873999.0
603568,伟明环保,14.86,15.04,-1.2,4763455.0,70978596.0
603569,长久物流,5.92,6.04,-1.99,6524824.0,38886837.0
603577,汇金通,10.36,10.25,1.07,5074600.0,52288107.0
603578,三星新材,13.14,13.21,-0.53,2678000.0,35192283.0
603579,荣泰健康,17.81,17.92,-0.61,1868900.0,33519431.0
603580,艾艾精工,83.43,80.52,3.61,14001567.0,1179541048.0
603583,捷昌驱动,24.88,24.78,0.4,5373070.0,134496825.0
603585,苏利股份,10.57,10.3,2.62,5115180.0,53641628.0
603586,金麒麟,13.52,13.41,0.82,1178300.0,15905679.0
603587,地素时尚,12.33,11.66,5.75,7391417.0,91124697.0
603588,高能环境,15.5,15.55,-0.32,60198609.0,936138144.0
603589,口子窖,19.17,19.11,0.31,4591712.0,87473383.0
603590,康辰药业,30.75,31.48,-2.32,2478600.0,76903214.0
603595,ST东尼,26.33,26.88,-2.05,1424800.0,37918297.0
603596,伯特利,28.0,25.9,8.11,45034533.0,1260019329.0
603598,引力传媒,16.9,16.81,0.54,17829393.0,300636669.0
603599,广信股份,10.44,10.34,0.97,16237551.0,169075055.0
603600,永艺股份,10.0,9.96,0.4,11072800.0,110415231.0
603601,再升科技,9.05,9.04,0.11,39531038.0,360328025.0
603602,纵横通信,11.65,11.63,0.17,2079153.0,24283749.0
603605,珀莱雅,61.35,62.34,-1.59,6376275.0,392712651.0
603606,东方电缆,34.34,34.24,0.29,9919398.0,339898604.0
603607,京华激光,22.36,22.37,-0.04,5258940.0,117671633.0
603608,天创时尚,19.7,17.91,9.99,24715649.0,473627671.0
603609,禾丰股份,6.53,6.46,1.08,2726950.0,17682467.0
603610,麒盛科技,14.59,14.69,-0.68,6509116.0,95248456.0
603611,诺力股份,16.45,16.57,-0.72,3246462.0,53472040.0
603612,索通发展,17.57,17.36,1.21,16722200.0,292395706.0
603613,国联股份,18.47,18.55,-0.43,5004400.0,92593473.0
603615,茶花股份,19.1,18.5,3.24,9503244.0,181420840.0
603616,韩建河山,5.69,5.66,0.53,7020300.0,39933818.0
603617,君禾股份,6.85,6.77,1.18,7433600.0,51195502.0
603618,杭电股份,35.92,35.11,2.31,190950012.0,7081984772.0
603619,中曼石油,24.09,23.79,1.26,24363683.0,588631648.0
603626,科森科技,19.29,19.84,-2.77,44708873.0,883376000.0
603628,清源股份,9.94,9.61,3.43,7510004.0,74228086.0
603629,利通电子,119.95,125.22,-4.21,35256725.0,4311107813.0
603630,拉芳家化,14.26,13.91,2.52,6464904.0,90900220.0
603633,徕木股份,6.58,6.55,0.46,4420350.0,29112956.0
603636,南威软件,6.96,6.92,0.58,9850311.0,68698680.0
603637,镇海股份,15.6,14.8,5.41,18166546.0,283792323.0
603638,艾迪精密,18.79,18.92,-0.69,5876877.0,110826788.0
603639,海利尔,11.03,10.86,1.57,2691306.0,29532116.0
603648,畅联股份,9.39,9.5,-1.16,1863500.0,17550069.0
603650,彤程新材,62.36,63.98,-2.53,13308970.0,845554034.0
603655,朗博科技,31.81,31.9,-0.28,892800.0,28590792.0
603656,泰禾智能,17.57,17.58,-0.06,1968720.0,35039021.0
603657,春光科技,24.08,23.87,0.88,2611400.0,62655532.0
603658,安图生物,33.07,33.52,-1.34,2240520.0,74212431.0
603659,璞泰来,23.82,23.91,-0.38,17426491.0,415783817.0
603660,苏州科达,10.79,10.76,0.28,21470742.0,234624893.0
603661,恒林股份,30.87,31.5,-2.0,1833100.0,56907056.0
603662,柯力传感,50.48,49.66,1.65,6610134.0,339753984.0
603663,三祥新材,43.35,44.16,-1.83,23466754.0,1037389750.0
603665,康隆达,20.69,19.9,3.97,4647400.0,95813188.0
603666,亿嘉和,26.78,26.9,-0.45,4582346.0,122641290.0
603667,五洲新春,50.76,52.55,-3.41,12669114.0,650617886.0
603668,天马科技,10.51,10.29,2.14,8142905.0,85108046.0
603669,灵康药业,5.49,5.56,-1.26,18339772.0,102058934.0
603676,卫信康,9.23,9.36,-1.39,2347825.0,21705523.0
603677,奇精机械,13.84,13.55,2.14,1813500.0,24995791.0
603678,火炬电子,47.12,47.96,-1.75,17311099.0,832865628.0
603679,华体科技,24.12,23.35,3.3,11115360.0,268730768.0
603680,今创集团,10.33,10.3,0.29,3501850.0,36191903.0
603681,永冠新材,18.33,18.52,-1.03,6351660.0,117452948.0
603682,锦和商管,11.76,11.36,3.52,20785900.0,244584564.0
603683,晶华新材,16.95,15.96,6.2,48886862.0,837089345.0
603685,晨丰科技,24.03,24.08,-0.21,1826891.0,43576662.0
603686,福龙马,12.99,13.0,-0.08,6921312.0,90147482.0
603687,大胜达,15.9,15.39,3.31,34108685.0,534332171.0
603688,石英股份,51.51,51.56,-0.1,27354680.0,1442159923.0
603689,皖天然气,7.74,7.6,1.84,5293350.0,40747183.0
603690,至纯科技,25.02,25.63,-2.38,23402929.0,597180666.0
603693,江苏新能,11.22,11.33,-0.97,3795340.0,42622834.0
603696,安记食品,14.21,14.08,0.92,23365404.0,330602779.0
603697,有友食品,9.56,9.45,1.16,3395740.0,32412253.0
603698,航天工程,21.87,21.8,0.32,10261577.0,224907642.0
603699,纽威股份,50.7,51.76,-2.05,4316908.0,221834895.0
603700,宁水集团,11.52,11.56,-0.35,9145545.0,105350319.0
603701,德宏股份,19.27,19.72,-2.28,2523500.0,49303862.0
603703,盛洋科技,10.23,10.16,0.69,9014700.0,92334500.0
603706,东方环宇,17.99,18.24,-1.37,2438087.0,43827404.0
603707,健友股份,7.81,8.24,-5.22,19828772.0,156083231.0
603708,家家悦,9.42,9.29,1.4,6549890.0,61423090.0
603709,中源家居,12.1,11.92,1.51,3161230.0,38123195.0
603711,香飘飘,12.15,11.47,5.93,13896007.0,168009376.0
603712,七一二,11.46,11.42,0.35,6633467.0,76120254.0
603713,密尔克卫,64.51,64.22,0.45,1600565.0,103017356.0
603716,塞力医疗,17.08,16.41,4.08,21482300.0,362123997.0
603717,天域生物,6.62,6.57,0.76,7389300.0,48607223.0
603718,*ST海利,3.14,3.08,1.95,5259200.0,16316923.0
603719,良品铺子,9.73,9.43,3.18,4893200.0,47088024.0
603721,中广天择,17.36,17.47,-0.63,2583900.0,45016591.0
603722,阿科力,30.08,29.94,0.47,951100.0,28709164.0
603725,天安新材,10.8,11.99,-9.92,31150660.0,342195152.0
603726,朗迪集团,24.12,24.58,-1.87,3706285.0,89818911.0
603727,博迈科,18.52,18.49,0.16,1862300.0,34720789.0
603728,鸣志电器,48.07,47.88,0.4,4404317.0,211653454.0
603729,ST龙韵,11.86,11.77,0.76,1239667.0,14687681.0
603730,岱美股份,10.82,10.87,-0.46,18341013.0,198304272.0
603733,仙鹤股份,21.89,21.71,0.83,8019735.0,175244592.0
603737,三棵树,25.6,24.84,3.06,11377567.0,288921454.0
603738,泰晶科技,40.22,42.09,-4.44,49817449.0,2060457877.0
603739,蔚蓝生物,12.86,12.58,2.23,5555800.0,71046047.0
603755,日辰股份,23.47,23.34,0.56,805200.0,18883815.0
603757,大元泵业,65.28,67.8,-3.72,12158499.0,809311476.0
603758,秦安股份,11.65,12.21,-4.59,26297004.0,309072341.0
603759,海天股份,7.65,7.7,-0.65,8194810.0,62545232.0
603766,隆鑫通用,14.72,14.62,0.68,9713300.0,142305969.0
603767,中马传动,14.18,14.31,-0.91,2581360.0,36745048.0
603768,常青股份,11.64,11.54,0.87,2722900.0,31755986.0
603773,沃格光电,94.78,98.46,-3.74,16491500.0,1605034577.0
603776,永安行,20.17,20.2,-0.15,1815969.0,37104615.0
603777,来伊份,13.85,13.8,0.36,3776520.0,52370987.0
603778,国晟科技,10.36,9.42,9.98,46011194.0,464618402.0
603779,威龙股份,8.22,7.97,3.14,19638990.0,160859708.0
603786,科博达,38.63,39.89,-3.16,3949671.0,154786355.0
603787,新日股份,10.2,10.04,1.59,3407000.0,34636817.0
603788,宁波高发,13.71,13.66,0.37,698000.0,9567228.0
603789,ST星农,6.22,6.31,-1.43,4322800.0,27287961.0
603790,雅运股份,23.59,23.28,1.33,4346000.0,101132098.0
603797,联泰环保,4.76,4.77,-0.21,8858334.0,42279214.0
603798,康普顿,13.71,13.4,2.31,5466400.0,75500527.0
603799,华友钴业,39.99,40.18,-0.47,38049600.0,1522353405.0
603800,洪田股份,61.63,65.22,-5.5,5804822.0,367620718.0
603801,志邦家居,6.52,6.4,1.87,26107660.0,168980471.0
603803,瑞斯康达,11.26,11.2,0.54,27420167.0,309836812.0
603806,福斯特,15.23,15.34,-0.72,20535396.0,312425247.0
603808,歌力思,8.82,8.48,4.01,5507980.0,48536588.0
603809,豪能股份,8.96,8.98,-0.22,4451359.0,39985786.0
603810,丰山集团,12.45,12.48,-0.24,2464100.0,30448333.0
603811,诚意药业,7.32,7.36,-0.54,5463754.0,39930844.0
603813,原尚股份,29.23,28.2,3.65,1148300.0,33552548.0
603815,交建股份,5.52,5.47,0.91,6171300.0,33925807.0
603816,顾家家居,24.38,24.79,-1.65,7965393.0,192239587.0
603817,海峡环保,5.81,5.71,1.75,11394628.0,65706605.0
603818,曲美家居,3.94,3.96,-0.51,31404600.0,125651082.0
603819,神力股份,14.1,14.0,0.71,4916500.0,69338909.0
603822,ST嘉澳,61.52,57.59,6.82,1753800.0,105846723.0
603823,百合花,66.12,68.01,-2.78,27932750.0,1902709118.0
603825,ST华扬,8.48,8.17,3.79,4589300.0,38560923.0
603826,坤彩科技,16.24,16.22,0.12,7528332.0,123899085.0
603828,*ST利达,5.19,5.02,3.39,2963200.0,15506505.0
603829,洛凯股份,15.74,15.37,2.41,3593900.0,56034025.0
603833,欧派家居,32.8,32.58,0.68,3406000.0,111604005.0
603836,海程邦达,9.21,9.12,0.99,3420980.0,31328927.0
603838,*ST四通,12.92,13.31,-2.93,3199900.0,41122322.0
603839,安正时尚,6.86,6.49,5.7,31529938.0,212015421.0
603843,*ST正平,7.6,7.79,-2.44,25565220.0,201400263.0
603848,好太太,13.76,13.71,0.36,3000599.0,41425492.0
603855,华荣股份,16.39,16.29,0.61,2889500.0,47385672.0
603856,东宏股份,11.49,11.4,0.79,3294733.0,37830066.0
603858,步长制药,15.17,15.51,-2.19,7096674.0,107430055.0
603859,能科科技,37.44,37.24,0.54,9031342.0,344061188.0
603860,中公高科,26.73,26.36,1.4,899200.0,23905326.0
603861,白云电器,11.64,11.74,-0.85,9098400.0,105489925.0
603863,松炀资源,12.98,12.7,2.2,6967326.0,91020221.0
603866,桃李面包,4.35,4.3,1.16,12225646.0,52767894.0
603867,新化股份,30.05,30.07,-0.07,5886662.0,178309647.0
603868,飞科电器,30.97,30.8,0.55,865504.0,26754943.0
603869,ST智知,8.76,8.72,0.46,632710.0,5530748.0
603871,嘉友国际,13.71,13.52,1.41,12089687.0,164623248.0
603876,鼎胜新材,23.57,23.26,1.33,18123886.0,424027535.0
603877,太平鸟,12.6,12.5,0.8,1548546.0,19454638.0
603878,武进不锈,5.15,5.08,1.38,10415183.0,53544629.0
603879,永悦科技,5.27,5.26,0.19,10304900.0,54519953.0
603880,南卫股份,9.68,9.23,4.88,25158090.0,248006601.0
603881,数据港,25.13,25.25,-0.48,31120163.0,790421267.0
603882,金域医学,27.42,27.96,-1.93,9151804.0,253044986.0
603883,老百姓,13.18,12.87,2.41,15056714.0,198216824.0
603885,吉祥航空,10.55,10.52,0.29,8284378.0,87016987.0
603886,元祖股份,12.63,12.75,-0.94,5283200.0,66784735.0
603887,城地香江,9.52,9.26,2.81,49586887.0,471643343.0
603888,新华网,16.24,16.18,0.37,6240491.0,101378675.0
603889,新澳股份,6.08,6.03,0.83,10464711.0,63571864.0
603890,春秋电子,18.16,18.16,0.0,41268698.0,763086692.0
603893,瑞芯微,176.9,181.38,-2.47,7245415.0,1298444806.0
603895,天永智能,26.47,26.15,1.22,1824600.0,48705883.0
603896,寿仙谷,14.85,14.71,0.95,1516332.0,22488233.0
603897,长城科技,31.34,30.47,2.86,15380791.0,480221321.0
603898,好莱客,11.29,11.28,0.09,2312300.0,26081128.0
603899,晨光股份,23.12,22.93,0.83,3166500.0,72898516.0
603900,莱绅通灵,7.85,7.14,9.94,22306116.0,175103011.0
603901,永创智能,9.44,9.53,-0.94,6443900.0,61150009.0
603903,中持股份,13.95,13.98,-0.21,4788400.0,66531149.0
603906,龙蟠科技,19.59,19.63,-0.2,16268206.0,319796570.0
603908,牧高笛,19.49,19.39,0.52,1120428.0,21798852.0
603909,建发合诚,9.74,9.64,1.04,1773100.0,17181664.0
603912,佳力图,8.9,9.0,-1.11,21981346.0,197442400.0
603915,国茂股份,13.43,13.22,1.59,7385580.0,100631168.0
603916,苏博特,11.87,11.5,3.22,14469600.0,170934603.0
603917,合力科技,13.07,12.68,3.08,4489725.0,58470053.0
603918,金桥信息,11.47,11.16,2.78,23855596.0,272191851.0
603919,金徽酒,16.82,16.4,2.56,6498200.0,107969764.0
603920,世运电路,37.68,38.83,-2.96,17419092.0,668444211.0
603922,ST金鸿顺,13.94,13.88,0.43,988700.0,13698896.0
603926,铁流股份,16.26,16.31,-0.31,2830560.0,46372928.0
603927,中科软,14.15,14.03,0.86,12507945.0,177748971.0
603928,兴业股份,12.3,12.25,0.41,8794900.0,108464876.0
603929,亚翔集成,164.68,168.06,-2.01,4663118.0,780849370.0
603931,格林达,35.87,36.56,-1.89,4599200.0,168456762.0
603933,睿能科技,19.05,19.28,-1.19,2468800.0,47523920.0
603936,博敏电子,18.13,18.42,-1.57,57569484.0,1073290038.0
603937,丽岛新材,11.75,11.69,0.51,4701100.0,55194994.0
603938,三孚股份,46.41,44.96,3.23,34498124.0,1603839690.0
603939,益丰药房,22.88,22.99,-0.48,14502548.0,330671341.0
603948,建业股份,20.14,19.9,1.21,1577800.0,31774074.0
603949,雪龙集团,13.94,13.98,-0.29,1383100.0,19409086.0
603950,长源东谷,59.85,65.13,-8.11,11893408.0,730473393.0
603955,大千生态,20.75,19.86,4.48,4800950.0,97590927.0
603956,威派格,6.04,6.11,-1.15,13903700.0,84702981.0
603958,哈森股份,21.76,23.62,-7.87,34019885.0,748895563.0
603959,ST百利,4.34,4.4,-1.36,10774200.0,46929271.0
603960,克来机电,15.9,16.24,-2.09,6392363.0,102705451.0
603966,法兰泰克,7.96,7.96,0.0,4107090.0,32639760.0
603967,中创物流,11.73,11.82,-0.76,3732200.0,43493255.0
603968,醋化股份,10.81,10.58,2.17,3491950.0,37516109.0
603969,银龙股份,7.71,7.57,1.85,17103465.0,132072013.0
603970,中农立华,11.42,11.2,1.96,9229800.0,104867257.0
603976,正川股份,29.16,28.78,1.32,4951005.0,145124813.0
603977,国泰集团,11.72,11.73,-0.09,5772800.0,67764736.0
603978,深圳新星,19.02,18.93,0.48,6816400.0,130448304.0
603979,金诚信,81.72,80.35,1.71,8699166.0,703218670.0
603980,吉华集团,7.1,6.82,4.11,44767859.0,312180851.0
603982,泉峰汽车,6.28,6.19,1.45,5053899.0,31583178.0
603983,丸美生物,27.95,27.12,3.06,3658000.0,100996556.0
603985,恒润股份,16.68,16.87,-1.13,11244505.0,190894943.0
603986,兆易创新,396.82,411.2,-3.5,35251991.0,14208865489.0
603987,康德莱,7.62,7.54,1.06,3518760.0,26754087.0
603988,中电电机,20.36,20.37,-0.05,3204800.0,65223741.0
603989,艾华集团,28.6,28.38,0.78,22094753.0,644803593.0
603990,麦迪科技,21.91,22.77,-3.78,31167763.0,720327232.0
603991,领先股份,134.3,137.11,-2.05,2047800.0,280827097.0
603992,松霖科技,21.31,21.23,0.38,3074521.0,65802432.0
603993,洛阳钼业,19.51,19.51,0.0,186902155.0,3629095914.0
603995,甬金股份,25.18,25.1,0.32,5446074.0,136261801.0
603997,继峰股份,11.45,11.41,0.35,14643622.0,167868619.0
603998,方盛制药,10.5,10.32,1.74,15938400.0,167092521.0
603999,读者传媒,5.67,5.59,1.43,4801300.0,27068561.0
605001,威奥股份,5.75,5.74,0.17,5932500.0,34078062.0
605003,众望布艺,23.24,22.79,1.97,1118194.0,25863410.0
605005,合兴股份,16.01,16.06,-0.31,1054500.0,16929945.0
605006,山东玻纤,15.54,14.13,9.98,41728823.0,633943586.0
605007,五洲特纸,15.1,14.84,1.75,5763900.0,87981989.0
605008,长鸿高科,12.8,13.04,-1.84,4944800.0,63296368.0
605009,豪悦护理,25.51,25.4,0.43,1233789.0,31353868.0
605011,杭州热电,16.76,16.74,0.12,2023300.0,33816260.0
605016,百龙创园,21.49,20.28,5.97,9645700.0,202840598.0
605018,长华集团,11.93,12.56,-5.02,11890550.0,139254122.0
605020,永和股份,34.35,33.56,2.35,20721113.0,710167543.0
605028,世茂能源,24.48,24.27,0.87,917600.0,22486561.0
605033,美邦股份,20.3,19.64,3.36,8201831.0,164897925.0
605050,福然德,10.35,10.19,1.57,1580320.0,16347927.0
605055,迎丰股份,9.75,9.83,-0.81,2334800.0,22750807.0
605056,咸亨国际,13.94,14.11,-1.2,3308700.0,46518749.0
605058,澳弘电子,27.32,27.6,-1.01,2721600.0,74827091.0
605060,联德股份,42.31,43.8,-3.4,2765700.0,118951554.0
605066,天正电气,7.18,7.18,0.0,5938700.0,42781658.0
605068,明新旭腾,17.71,17.42,1.66,3490500.0,61735386.0
605069,正和生态,10.61,10.56,0.47,4162300.0,44397746.0
605077,华康股份,11.15,11.02,1.18,3973784.0,44211791.0
605080,浙江自然,22.9,22.47,1.91,2996960.0,68578967.0
605086,龙高股份,26.26,25.96,1.16,1766120.0,46132475.0
605088,冠盛股份,20.24,20.36,-0.59,2737700.0,55763660.0
605089,味知香,20.5,20.48,0.1,884108.0,18087900.0
605090,九丰能源,35.2,35.24,-0.11,6700692.0,236640851.0
605098,行动教育,56.55,55.98,1.02,743800.0,41765754.0
605099,共创草坪,30.87,31.15,-0.9,1530550.0,47325155.0
605100,华丰股份,32.88,33.76,-2.61,3651659.0,122096419.0
605108,同庆楼,12.95,12.75,1.57,2875900.0,37163552.0
605111,新洁能,58.91,60.49,-2.61,13636118.0,816544201.0
605116,奥锐特,20.27,20.53,-1.27,2426300.0,49350524.0
605117,德业股份,92.3,96.78,-4.63,14409792.0,1345307024.0
605118,力鼎光电,29.84,29.48,1.22,4681842.0,141174394.0
605122,四方新材,11.7,11.62,0.69,1907700.0,22284426.0
605123,派克新材,76.6,76.68,-0.1,1210793.0,92781479.0
605128,上海沿浦,24.5,23.49,4.3,6267348.0,151757368.0
605133,嵘泰股份,26.85,27.5,-2.36,6266849.0,171314011.0
605136,丽人丽妆,8.35,8.16,2.33,8516300.0,70780513.0
605138,盛泰集团,6.21,5.88,5.61,7801695.0,47170756.0
605151,西上海,19.25,19.12,0.68,1950647.0,37522015.0
605155,西大门,14.25,14.1,1.06,1817868.0,26010907.0
605158,华达新材,8.26,8.01,3.12,19212360.0,161819358.0
605162,新中港,10.16,9.79,3.78,53262163.0,536200712.0
605166,聚合顺,8.46,8.38,0.95,4777900.0,40296200.0
605167,利柏特,14.7,14.81,-0.74,17680708.0,268800260.0
605168,三人行,47.31,46.58,1.57,6169173.0,294305458.0
605169,洪通燃气,12.21,12.0,1.75,9967028.0,121036763.0
605177,东亚药业,21.45,20.07,6.88,5888900.0,124118399.0
605178,时空科技,69.55,68.41,1.67,4278800.0,299458170.0
605179,一鸣食品,32.58,31.52,3.36,27229467.0,874771047.0
605180,华生科技,12.97,12.85,0.93,2581735.0,33407937.0
605183,确成股份,15.11,14.98,0.87,2842950.0,42743477.0
605186,健麾信息,25.86,25.82,0.15,2419400.0,62894536.0
605188,国光连锁,13.37,12.15,10.04,11782399.0,150446212.0
605189,富春染织,14.93,15.02,-0.6,10827132.0,162319273.0
605196,华通线缆,36.32,35.4,2.6,13905211.0,504096102.0
605198,安德利,65.42,68.52,-4.52,3497898.0,232777992.0
605199,ST葫芦娃,6.01,5.96,0.84,554200.0,3323465.0
605208,永茂泰,14.25,14.29,-0.28,5056500.0,72368384.0
605218,伟时电子,15.09,15.25,-1.05,1895391.0,28766495.0
605222,起帆电缆,20.2,20.42,-1.08,4770250.0,97845680.0
605228,神通科技,10.46,10.49,-0.29,3936800.0,41330026.0
605255,天普股份,66.7,67.79,-1.61,578604.0,38796461.0
605258,协和电子,30.42,31.9,-4.64,9272655.0,287517814.0
605259,绿田机械,17.68,17.58,0.57,536307.0,9477334.0
605266,健之佳,15.91,15.85,0.38,3077431.0,48925761.0
605268,王力安防,9.54,9.48,0.63,3713141.0,35512899.0
605277,新亚电子,16.73,17.0,-1.59,19555376.0,327453334.0
605286,同力天启,26.89,28.44,-5.45,7800016.0,212717010.0
605287,德才股份,37.8,37.06,2.0,4083900.0,156876004.0
605288,凯迪股份,66.7,63.14,5.64,4432936.0,288274698.0
605289,罗曼股份,105.26,107.5,-2.08,2537920.0,272390525.0
605296,神农集团,32.78,32.38,1.24,4834780.0,154606098.0
605298,必得科技,48.6,48.3,0.62,745176.0,36447108.0
605299,舒华体育,13.02,12.89,1.01,10073117.0,130647509.0
605300,佳禾食品,9.85,9.67,1.86,3065339.0,30024737.0
605303,园林股份,23.43,23.31,0.51,6109871.0,144058465.0
605305,中际联合,32.82,32.78,0.12,6313654.0,207980283.0
605318,法狮龙,75.47,76.07,-0.79,825800.0,62593944.0
605319,无锡振华,26.33,26.39,-0.23,2517432.0,66459452.0
605333,沪光股份,17.03,16.94,0.53,3498300.0,59868969.0
605336,*ST帅电,11.18,11.18,0.0,924140.0,10275969.0
605337,李子园,9.46,9.24,2.38,3481700.0,32697256.0
605338,巴比食品,19.15,18.75,2.13,2015200.0,38327587.0
605339,南侨食品,13.91,14.45,-3.74,5607100.0,78774138.0
605358,立昂微,43.23,44.58,-3.03,34557969.0,1523427011.0
605365,立达信,14.51,14.26,1.75,9658135.0,140406404.0
605366,宏柏新材,8.29,8.13,1.97,20151660.0,167320641.0
605368,蓝天燃气,6.82,6.74,1.19,6273815.0,42721778.0
605369,拱东医疗,16.61,16.69,-0.48,649340.0,10826859.0
605376,博迁新材,152.24,153.64,-0.91,10013071.0,1558626590.0
605377,华旺科技,8.18,8.16,0.25,9595298.0,78640435.0
605378,野马电池,14.54,14.39,1.04,1756520.0,25502517.0
605388,均瑶健康,6.26,6.1,2.62,10626360.0,65905878.0
605389,长龄液压,67.75,68.77,-1.48,792940.0,54130699.0
605398,新炬网络,20.74,20.34,1.97,1755400.0,36545776.0
605399,晨光新材,11.17,10.98,1.73,3220540.0,35817604.0
605488,福莱新材,29.1,29.5,-1.36,4248100.0,124595705.0
605499,东鹏饮料,120.81,120.38,0.36,3785702.0,456230325.0
605500,森林包装,7.16,7.12,0.56,2562403.0,18336322.0
605507,国邦医药,15.32,15.38,-0.39,2481460.0,37994786.0
605555,德昌股份,12.52,12.6,-0.63,4385990.0,55353340.0
605566,福莱蒽特,28.51,25.92,9.99,4783500.0,131172501.0
605567,春雪食品,9.53,9.38,1.6,3958292.0,37418471.0
605577,龙版传媒,9.65,9.57,0.84,4636452.0,44792344.0
605580,恒盛能源,17.95,18.4,-2.45,5065621.0,91963968.0
605588,冠石科技,46.98,47.53,-1.16,834400.0,39811445.0
605589,圣泉集团,39.96,40.12,-0.4,34303788.0,1392879652.0
605598,上海港湾,27.08,27.08,0.0,2009862.0,54844829.0
605599,菜百股份,16.45,15.71,4.71,17725601.0,287706271.0
688001,华兴源创,52.33,55.03,-4.91,6671688.0,358151730.0
688002,睿创微纳,161.7,161.7,0.0,7017001.0,1140336789.0
688003,天准科技,80.99,85.06,-4.78,5408067.0,448038196.0
688004,博汇科技,21.76,21.86,-0.46,1503590.0,32913010.0
688005,容百科技,26.39,26.38,0.04,8044010.0,212565210.0
688006,杭可科技,22.17,22.26,-0.4,11458843.0,258305740.0
688007,光峰科技,10.51,10.41,0.96,3859877.0,40649359.0
688008,澜起科技,213.0,221.22,-3.72,38972743.0,8457061770.0
688009,中国通号,4.99,4.94,1.01,22216603.0,110223930.0
688010,福光股份,26.57,27.04,-1.74,2991311.0,80762783.0
688011,新光光电,79.0,77.31,2.19,2165313.0,173151901.0
688012,中微公司,367.0,376.01,-2.4,12401196.0,4616962307.0
688013,天臣医疗,24.6,24.9,-1.2,1404794.0,34907491.0
688015,交控科技,16.02,15.8,1.39,1387315.0,22131469.0
688016,心脉医疗,90.43,90.84,-0.45,1344111.0,122334838.0
688017,绿的谐波,292.0,299.3,-2.44,6089743.0,1812824346.0
688018,乐鑫科技,115.88,113.22,2.35,5048444.0,583546461.0
688019,安集科技,243.2,248.06,-1.96,4602447.0,1135988657.0
688020,方邦股份,130.3,129.99,0.24,4023803.0,534449269.0
688021,奥福科技,20.9,21.02,-0.57,945523.0,19803208.0
688022,ST瀚川,8.87,8.95,-0.89,2386654.0,21225554.0
688023,安恒信息,39.46,38.46,2.6,5665715.0,231049631.0
688025,杰普特,402.5,417.22,-3.53,2406651.0,995015898.0
688026,洁特生物,16.51,15.65,5.5,5894477.0,97965092.0
688027,国盾量子,383.0,390.72,-1.98,897571.0,348584373.0
688028,沃尔德,93.3,94.16,-0.91,8329636.0,802385577.0
688029,南微医学,78.1,75.64,3.25,2979870.0,232328402.0
688030,山石网科,17.01,16.95,0.35,5697155.0,99326441.0
688031,星环科技,100.25,99.98,0.27,7916018.0,817342554.0
688032,禾迈股份,76.12,74.74,1.85,917580.0,69679033.0
688033,*ST天宜,6.12,6.05,1.16,3694556.0,22537324.0
688035,德邦科技,68.7,68.51,0.28,7292495.0,506987340.0
688036,传音控股,57.44,57.73,-0.5,8175576.0,467543570.0
688037,芯源微,367.74,375.0,-1.94,4016551.0,1479094956.0
688038,中科通达,18.41,18.42,-0.05,1813991.0,33812710.0
688039,当虹科技,31.84,31.47,1.18,2404439.0,77946216.0
688041,海光信息,245.49,245.97,-0.2,22861403.0,5727992320.0
688045,必易微,57.91,59.09,-2.0,1566288.0,92204058.0
688046,药康生物,32.5,33.37,-2.61,10086830.0,328831775.0
688047,龙芯中科,106.2,107.57,-1.27,2708205.0,290528580.0
688048,长光华芯,292.83,304.81,-3.93,8112374.0,2452851669.0
688049,炬芯科技,40.48,40.59,-0.27,4426350.0,179506116.0
688050,爱博医疗,40.13,40.14,-0.02,1777601.0,71402986.0
688051,佳华科技,25.26,24.8,1.85,1303140.0,33202768.0
688052,纳芯微,253.44,250.46,1.19,4176249.0,1085057448.0
688053,ST思科瑞,37.44,37.46,-0.05,506676.0,18879564.0
688055,龙腾光电,3.77,3.76,0.27,9529743.0,36205075.0
688056,莱伯泰科,42.33,42.46,-0.31,1489386.0,65099680.0
688057,金达莱,17.85,18.14,-1.6,3471219.0,63035660.0
688058,宝兰德,24.16,23.0,5.04,2538407.0,61655613.0
688059,华锐精密,88.0,89.26,-1.41,3465240.0,307943163.0
688060,云涌科技,35.53,35.49,0.11,410584.0,14643912.0
688061,灿瑞科技,42.96,38.74,10.89,6587033.0,288666681.0
688062,迈威生物,29.49,29.73,-0.81,5031491.0,149407785.0
688063,派能科技,44.11,44.52,-0.92,3887943.0,172533618.0
688065,凯赛生物,43.16,43.39,-0.53,2931082.0,127330314.0
688066,*ST航图,8.14,8.09,0.62,7123266.0,59189328.0
688067,爱威科技,23.34,22.92,1.83,1152636.0,26890946.0
688068,热景生物,98.0,98.89,-0.9,1833537.0,181940068.0
688069,德林海,35.85,36.19,-0.94,1610680.0,58172157.0
688070,纵横股份,34.73,34.02,2.09,1575773.0,54865427.0
688071,华依科技,33.39,33.29,0.3,1842697.0,62468610.0
688072,拓荆科技,669.29,693.0,-3.42,3455504.0,2355365029.0
688073,毕得医药,61.44,62.8,-2.17,7216366.0,456993628.0
688075,安旭生物,29.52,29.48,0.14,647179.0,19133789.0
688076,ST诺泰,27.55,27.56,-0.04,1172263.0,32326782.0
688077,大地熊,28.3,28.82,-1.8,1939645.0,55511161.0
688078,龙软科技,23.9,23.57,1.4,838976.0,20145166.0
688079,美迪凯,15.77,16.04,-1.68,11009955.0,178706603.0
688080,映翰通,37.85,37.26,1.58,1199046.0,45304102.0
688081,兴图新科,28.7,29.44,-2.51,1263054.0,36794783.0
688082,盛美上海,296.16,307.01,-3.53,4426699.0,1328013394.0
688083,中望软件,51.89,52.39,-0.95,2365627.0,124908982.0
688084,晶品特装,42.77,42.4,0.87,962202.0,41735301.0
688085,三友医疗,13.2,13.19,0.08,1813351.0,23888846.0
688087,英科再生,38.39,38.41,-0.05,1839038.0,70474842.0
688088,虹软科技,29.86,29.66,0.67,6407011.0,193629248.0
688089,ST嘉必优,8.06,7.96,1.26,1173307.0,9392770.0
688090,瑞松科技,71.27,74.9,-4.85,9239172.0,670836615.0
688091,上海谊众,40.5,43.25,-6.36,6640252.0,273331427.0
688092,爱科科技,22.97,23.13,-0.69,565087.0,13053259.0
688093,世华科技,21.85,21.34,2.39,3337882.0,73009814.0
688095,福昕软件,62.18,58.08,7.06,7857751.0,486908561.0
688096,京源环保,8.64,8.71,-0.8,5890131.0,51837826.0
688097,博众精工,47.71,48.54,-1.71,5245458.0,255740384.0
688098,申联生物,8.26,8.33,-0.84,1394917.0,11539425.0
688099,晶晨股份,89.7,91.61,-2.08,6732139.0,612279294.0
688100,威胜信息,25.88,25.97,-0.35,1927313.0,50111009.0
688101,三达膜,15.17,14.89,1.88,2622113.0,39659856.0
688102,斯瑞新材,32.17,32.92,-2.28,11304374.0,367215690.0
688103,国力电子,74.84,77.22,-3.08,2269041.0,173973632.0
688105,诺唯赞,21.13,22.11,-4.43,11376638.0,244589602.0
688106,金宏气体,27.78,28.22,-1.56,16941470.0,477915332.0
688107,安路科技,31.04,31.24,-0.64,5351082.0,167878156.0
688108,赛诺医疗,16.8,17.13,-1.93,9074064.0,154085733.0
688109,品茗科技,72.32,72.19,0.18,433891.0,31416232.0
688110,东芯股份,115.01,118.35,-2.82,15464593.0,1809093684.0
688111,金山办公,241.3,238.22,1.29,9646374.0,2365554822.0
688112,鼎阳科技,69.55,69.68,-0.19,3007489.0,211247497.0
688113,联测科技,36.0,36.78,-2.12,1145949.0,41144417.0
688114,华大智造,64.09,69.5,-7.78,12819983.0,851410556.0
688115,思林杰,64.45,65.7,-1.9,1913933.0,124400105.0
688116,天奈科技,33.51,33.58,-0.21,5439923.0,183707926.0
688117,圣诺生物,23.93,24.23,-1.24,5014886.0,120500789.0
688118,普元信息,20.28,20.15,0.65,3261779.0,67232734.0
688119,中钢洛耐,3.92,3.87,1.29,12174483.0,47845786.0
688120,华海清科,260.52,267.1,-2.46,6053389.0,1607357412.0
688121,*ST卓然,1.76,1.79,-1.68,8501176.0,15040889.0
688122,西部超导,49.91,50.31,-0.8,6556471.0,328561396.0
688123,聚辰股份,135.82,139.83,-2.87,6970799.0,976087905.0
688125,安达智能,124.57,126.89,-1.83,1268933.0,160278414.0
688126,沪硅产业,24.51,25.22,-2.82,50011042.0,1243784311.0
688127,蓝特光学,65.99,66.5,-0.77,7231127.0,487570963.0
688128,中国电研,21.88,21.85,0.14,1122625.0,24580280.0
688129,东来技术,21.6,21.65,-0.23,650851.0,14188662.0
688130,晶华微,23.73,23.85,-0.5,1464087.0,35121159.0
688131,皓元医药,93.58,96.27,-2.79,3410141.0,323049738.0
688132,邦彦技术,13.46,13.4,0.45,1022621.0,13818467.0
688133,泰坦科技,23.37,23.3,0.3,4065274.0,94858995.0
688135,利扬芯片,26.78,27.3,-1.9,11311060.0,309176001.0
688136,科兴制药,21.59,22.6,-4.47,10360731.0,227879620.0
688137,近岸蛋白,73.32,82.65,-11.29,6380470.0,488506434.0
688138,清溢光电,37.84,36.16,4.65,11909889.0,451560343.0
688139,海尔生物,31.64,31.0,2.06,5557793.0,175487246.0
688141,杰华特,119.58,129.55,-7.7,13593589.0,1672133336.0
688143,长盈通,162.51,173.3,-6.23,15311509.0,2550752660.0
688146,中船特气,249.1,258.5,-3.64,11967741.0,3064382197.0
688147,微导纳米,120.02,121.9,-1.54,9016389.0,1108578725.0
688148,芳源股份,6.38,6.31,1.11,14374354.0,92087250.0
688150,莱特光电,40.24,40.79,-1.35,8209671.0,336893845.0
688151,华强科技,16.03,16.09,-0.37,1436279.0,23082324.0
688152,麒麟信安,38.04,31.7,20.0,7332932.0,266716620.0
688153,唯捷创芯,27.0,26.89,0.41,5140351.0,140111348.0
688155,先惠技术,54.32,56.58,-3.99,4540495.0,249873704.0
688156,路德科技,19.58,19.74,-0.81,2024520.0,39968969.0
688157,松井股份,19.5,19.31,0.98,2883812.0,56492953.0
688158,优刻得,29.95,30.24,-0.96,17254380.0,527134933.0
688159,有方科技,32.94,33.39,-1.35,2226747.0,74298227.0
688160,步科股份,98.3,99.56,-1.27,873324.0,86811736.0
688161,威高骨科,21.96,22.06,-0.45,947022.0,20941795.0
688162,巨一科技,24.54,24.89,-1.41,1204636.0,29876396.0
688163,赛伦生物,34.67,34.69,-0.06,1002029.0,35194115.0
688165,埃夫特,15.96,16.39,-2.62,5390215.0,87469329.0
688166,博瑞医药,34.71,35.77,-2.96,7988829.0,280582052.0
688167,炬光科技,295.0,291.0,1.37,11554944.0,3444603273.0
688168,安博通,35.02,35.13,-0.31,4776169.0,171487469.0
688169,石头科技,128.6,130.6,-1.53,6619443.0,855017734.0
688170,德龙激光,53.7,54.12,-0.78,4252584.0,234737004.0
688171,纬德信息,27.74,27.66,0.29,1570548.0,44300630.0
688172,燕东微,53.75,55.18,-2.59,9928634.0,543466327.0
688173,希荻微,14.46,14.43,0.21,7527161.0,109266927.0
688175,高凌信息,18.67,19.6,-4.74,6581739.0,125362098.0
688176,亚虹医药,11.88,11.94,-0.5,6558318.0,78470406.0
688177,百奥泰,18.63,18.74,-0.59,3542970.0,66355040.0
688178,万德斯,28.04,28.9,-2.98,1298848.0,37176808.0
688179,阿拉丁,20.03,20.23,-0.99,10796032.0,218593213.0
688180,君实生物,33.56,35.57,-5.65,24839094.0,852730638.0
688181,八亿时空,37.51,38.7,-3.07,4252225.0,162574724.0
688182,灿勤科技,28.33,28.93,-2.07,3651628.0,105430015.0
688183,生益电子,131.2,121.69,7.81,40050307.0,5316048437.0
688184,ST帕瓦,10.91,10.8,1.02,720826.0,7891795.0
688185,康希诺,82.87,92.78,-10.68,16464537.0,1425736605.0
688186,广大特材,14.09,14.08,0.07,2435646.0,34355050.0
688187,时代电气,47.66,48.2,-1.12,3414844.0,163184288.0
688188,柏楚电子,99.01,99.32,-0.31,1561412.0,155451464.0
688189,ST南新,6.62,6.7,-1.19,3112061.0,20605037.0
688190,云路股份,73.31,74.29,-1.32,528550.0,39066742.0
688191,智洋创新,20.35,21.58,-5.7,8502551.0,177660450.0
688192,迪哲医药,58.67,58.55,0.2,4078184.0,238515701.0
688193,仁度生物,47.91,47.98,-0.15,275314.0,13226425.0
688195,腾景科技,182.03,177.46,2.58,18432508.0,3492191665.0
688196,卓越新能,34.0,32.28,5.33,2478271.0,82800331.0
688197,首药控股,34.94,34.83,0.32,1513784.0,53098898.0
688198,佰仁医疗,74.01,78.0,-5.12,744034.0,55630485.0
688199,久日新材,24.05,24.27,-0.91,4097929.0,99385821.0
688200,华峰测控,389.03,400.0,-2.74,2920785.0,1151820703.0
688201,ST信安,7.43,7.35,1.09,3617418.0,27259581.0
688202,美迪西,97.75,100.37,-2.61,5645254.0,559569259.0
688203,海正生材,13.24,13.03,1.61,8229679.0,110026902.0
688205,德科立,176.2,159.58,10.41,22633484.0,4035474193.0
688206,概伦电子,44.52,43.76,1.74,8828529.0,394633490.0
688207,格灵深瞳,17.31,17.95,-3.57,7923958.0,141054781.0
688208,道通科技,26.04,25.77,1.05,10277797.0,267228027.0
688209,英集芯,29.54,24.62,19.98,60424978.0,1688473078.0
688210,统联精密,31.2,31.15,0.16,9194784.0,293293444.0
688211,中科微至,32.43,31.36,3.41,1282218.0,41245008.0
688212,澳华内镜,28.24,28.19,0.18,2676857.0,76052593.0
688213,思特威,97.97,99.38,-1.42,4872307.0,482265316.0
688215,瑞晟智能,44.99,44.77,0.49,1008463.0,45464791.0
688216,气派科技,30.39,31.08,-2.22,3402743.0,105393217.0
688217,睿昂基因,24.76,24.86,-0.4,786853.0,19654950.0
688218,江苏北人,42.0,41.89,0.26,2951585.0,124023471.0
688219,会通股份,10.62,10.51,1.05,6378922.0,67860931.0
688220,翱捷科技,98.46,101.7,-3.19,6675247.0,672734764.0
688221,前沿生物,18.84,19.53,-3.53,11006280.0,210107622.0
688222,成都先导,32.86,33.72,-2.55,16350367.0,548674792.0
688223,晶科能源,4.2,4.16,0.96,85663515.0,357867106.0
688225,亚信安全,12.68,12.66,0.16,12450519.0,163909723.0
688226,威腾电气,30.02,30.0,0.07,5484908.0,166457117.0
688227,品高股份,71.46,71.75,-0.4,3435919.0,249753208.0
688228,开普云,77.91,79.26,-1.7,2421439.0,191638565.0
688229,博睿数据,65.0,65.08,-0.12,915706.0,60457030.0
688230,芯导科技,57.1,55.52,2.85,2291383.0,133117158.0
688231,隆达股份,31.63,30.29,4.42,8417123.0,271937573.0
688232,新点软件,18.18,17.93,1.39,2407878.0,44043860.0
688233,神工股份,104.0,108.65,-4.28,10079633.0,1067965479.0
688234,天岳先进,105.86,109.56,-3.38,6834416.0,739466848.0
688235,百济神州,271.7,279.75,-2.88,3773385.0,1035931348.0
688236,春立医疗,14.36,14.58,-1.51,1995133.0,28803072.0
688237,超卓航科,55.66,56.45,-1.4,945155.0,52906164.0
688238,和元生物,6.86,7.07,-2.97,21254947.0,147315695.0
688239,航宇科技,48.6,49.29,-1.4,5812784.0,284578791.0
688244,永信至诚,15.09,15.08,0.07,3152449.0,48788547.0
688246,嘉和美康,17.37,17.22,0.87,2308221.0,40523793.0
688247,宣泰医药,9.49,9.78,-2.97,6325415.0,60664922.0
688248,南网科技,40.59,41.0,-1.0,3297352.0,135599886.0
688249,晶合集成,39.1,41.03,-4.7,22066231.0,877239457.0
688251,井松智能,20.08,19.7,1.93,2089250.0,41991569.0
688252,天德钰,20.18,20.16,0.1,3682465.0,74755383.0
688253,英诺特,55.65,54.29,2.51,2072441.0,116003943.0
688255,凯尔达,26.09,25.6,1.91,4360214.0,115173623.0
688256,寒武纪,1046.63,1048.0,-0.13,10860437.0,11636724830.0
688257,新锐股份,56.55,57.1,-0.96,15557081.0,896893079.0
688258,卓易信息,95.24,94.69,0.58,5465888.0,533607922.0
688259,创耀科技,30.4,30.52,-0.39,865444.0,26401258.0
688260,昀冢科技,104.5,106.3,-1.69,8078049.0,891173400.0
688261,东微半导,72.38,74.41,-2.73,4259729.0,312369677.0
688262,国芯科技,28.09,28.77,-2.36,11913488.0,338675902.0
688265,南模生物,40.2,41.84,-3.92,1846603.0,75058378.0
688266,泽璟制药,120.15,119.7,0.38,3902433.0,469365399.0
688267,中触媒,19.26,18.6,3.55,2852248.0,54524887.0
688268,华特气体,144.2,148.28,-2.75,5600053.0,826538915.0
688269,凯立新材,29.3,30.0,-2.33,2529691.0,75255345.0
688270,ST臻镭,59.67,61.28,-2.63,5469961.0,330154455.0
688271,联影医疗,105.56,105.28,0.27,2527013.0,266399962.0
688272,富吉瑞,28.78,28.49,1.02,1004580.0,28989049.0
688273,麦澜德,29.79,30.04,-0.83,932634.0,28106074.0
688275,万润新能,85.49,84.59,1.06,4800156.0,406723316.0
688276,百克生物,16.77,17.65,-4.99,6205051.0,105695789.0
688277,天智航,15.43,15.54,-0.71,4100128.0,64201396.0
688278,特宝生物,58.4,59.05,-1.1,2277494.0,133057942.0
688279,峰岹科技,189.67,197.28,-3.86,2600648.0,499383722.0
688280,精进电动,5.27,5.46,-3.48,21950215.0,116355920.0
688281,华秦科技,49.97,48.15,3.78,4377565.0,217553958.0
688282,理工导航,54.81,54.98,-0.31,929009.0,51963807.0
688283,坤恒顺维,28.7,28.18,1.85,977030.0,27881027.0
688285,高铁电气,7.6,7.58,0.26,1789567.0,13577261.0
688286,敏芯股份,47.75,48.16,-0.85,4939230.0,240239371.0
688288,鸿泉技术,18.7,18.93,-1.22,1147203.0,21455648.0
688289,圣湘生物,15.66,15.76,-0.63,3841696.0,60261460.0
688290,景业智能,65.28,68.8,-5.12,920096.0,61638301.0
688291,金橙子,40.33,41.09,-1.85,2654802.0,108891874.0
688292,浩瀚深度,17.95,17.45,2.87,4081063.0,72423952.0
688293,奥浦迈,55.1,56.98,-3.3,2812910.0,157420325.0
688295,中复神鹰,38.98,39.3,-0.81,4603358.0,180769565.0
688296,和达科技,23.35,25.65,-8.97,7624132.0,185815111.0
688297,中无人机,39.2,38.9,0.77,5317837.0,208031503.0
688298,东方生物,19.74,19.59,0.77,1147344.0,22590684.0
688299,长阳科技,12.95,13.03,-0.61,4707621.0,61258383.0
688300,联瑞新材,189.9,186.24,1.97,25904407.0,5056494047.0
688301,奕瑞科技,94.61,98.38,-3.83,4053243.0,389862245.0
688302,海创药业,33.82,34.24,-1.23,1184167.0,40494335.0
688303,大全能源,17.45,17.47,-0.11,5122276.0,89540877.0
688305,科德数控,57.31,61.62,-6.99,8076319.0,472052918.0
688306,均普智能,8.69,8.83,-1.59,5560140.0,48703448.0
688307,中润光学,48.45,50.22,-3.52,3882234.0,192741919.0
688308,欧科亿,100.1,101.62,-1.5,11532087.0,1174233608.0
688309,恒誉科技,73.42,72.9,0.71,1312949.0,96243899.0
688310,迈得医疗,15.29,15.29,0.0,2274534.0,35033011.0
688311,盟升电子,22.96,22.93,0.13,2966365.0,68664301.0
688312,燕麦科技,47.21,48.19,-2.03,5541163.0,267786603.0
688313,仕佳光子,155.1,159.14,-2.54,16594833.0,2627362370.0
688314,康拓医疗,31.93,32.08,-0.47,786424.0,25394645.0
688315,诺禾致源,15.53,16.04,-3.18,9281856.0,145498625.0
688316,青云科技,47.03,47.68,-1.36,2495486.0,119066425.0
688317,之江生物,17.2,17.31,-0.64,1951280.0,33780417.0
688318,财富趋势,86.52,86.3,0.25,14092047.0,1231978047.0
688319,欧林生物,29.01,29.45,-1.49,4510999.0,132342896.0
688320,禾川科技,33.45,35.9,-6.82,5338048.0,185060065.0
688321,微芯生物,25.83,26.19,-1.37,8167332.0,212850723.0
688322,奥比中光,95.26,97.28,-2.08,5361393.0,520145161.0
688323,瑞华泰,26.7,27.59,-3.23,11036977.0,301934710.0
688325,赛微微电,117.23,117.14,0.08,1950381.0,231325986.0
688326,经纬恒润,62.7,61.04,2.72,1653645.0,103679931.0
688327,云从科技,10.3,10.65,-3.29,37403900.0,393083367.0
688328,深科达,82.4,88.28,-6.66,8554562.0,725803893.0
688329,艾隆科技,22.03,21.56,2.18,1382559.0,30427466.0
688330,宏力达,34.92,34.51,1.19,1514708.0,53243410.0
688331,荣昌生物,119.73,121.75,-1.66,5434631.0,655131596.0
688332,中科蓝讯,95.07,92.41,2.88,5135131.0,490339917.0
688333,铂力特,102.7,103.7,-0.96,9317050.0,976370827.0
688334,西高院,18.37,18.36,0.05,1414179.0,25929509.0
688335,复洁科技,19.84,20.25,-2.02,1435123.0,28845476.0
688336,三生国健,42.57,43.61,-2.38,5793438.0,248798928.0
688337,普源精电,42.64,43.53,-2.04,3404680.0,148661066.0
688338,赛科希德,29.86,30.36,-1.65,911365.0,27373209.0
688339,亿华通,17.08,17.22,-0.81,2263663.0,39074935.0
688343,云天励飞,55.9,59.54,-6.11,10114439.0,586634001.0
688345,博力威,52.12,52.95,-1.57,1001491.0,52768073.0
688347,华虹宏力,248.01,252.72,-1.86,13459125.0,3405557797.0
688348,昱能科技,32.43,31.88,1.73,1354899.0,43978186.0
688349,三一重能,13.78,13.97,-1.36,7560811.0,103639363.0
688350,富淼科技,28.27,27.73,1.95,2698531.0,76319809.0
688351,微电生理,18.19,20.93,-13.09,19834546.0,371752491.0
688352,颀中科技,18.08,18.46,-2.06,22976413.0,423548692.0
688353,华盛锂电,91.55,90.25,1.44,4554184.0,418788853.0
688355,明志科技,17.76,17.63,0.74,826688.0,14692787.0
688356,键凯科技,108.8,127.3,-14.53,12501119.0,1402733390.0
688357,建龙微纳,26.57,26.33,0.91,867943.0,23029520.0
688358,祥生医疗,28.32,28.41,-0.32,1229592.0,34844544.0
688359,三孚新科,95.55,96.98,-1.47,3176147.0,307750121.0
688360,德马科技,15.12,15.26,-0.92,2389704.0,36458638.0
688361,中科飞测,362.66,373.71,-2.96,6793465.0,2504213699.0
688362,甬矽电子,62.67,63.99,-2.06,18895430.0,1212438497.0
688363,华熙生物,36.15,35.95,0.56,2269442.0,82167156.0
688365,光云科技,14.89,14.31,4.05,31740654.0,479686398.0
688366,昊海生科,30.32,30.22,0.33,378316.0,11484613.0
688367,工大高科,29.6,30.15,-1.82,851014.0,25584562.0
688368,晶丰明源,141.5,140.28,0.87,10124502.0,1460764442.0
688369,致远互联,19.94,19.74,1.01,6860252.0,140652290.0
688370,丛麟科技,23.51,23.51,0.0,257899.0,6064230.0
688371,菲沃泰,30.45,29.17,4.39,11896475.0,364451844.0
688372,伟测科技,123.03,127.83,-3.75,6882867.0,861366894.0
688373,盟科药业,5.79,5.77,0.35,23688616.0,137740106.0
688375,国博电子,76.88,78.4,-1.94,1810170.0,140308462.0
688376,美埃科技,68.32,70.68,-3.34,1308472.0,91099707.0
688377,迪威尔,18.87,19.15,-1.46,2409696.0,46169610.0
688378,奥来德,42.82,43.15,-0.76,7224664.0,312940521.0
688379,华光新材,56.67,60.4,-6.18,6370106.0,372111501.0
688380,中微半导,40.89,41.96,-2.55,10060331.0,416454344.0
688381,帝奥微,35.18,34.51,1.94,16594117.0,592389012.0
688382,益方生物,20.09,20.46,-1.81,9773800.0,196407808.0
688383,新益昌,128.0,129.59,-1.23,1761287.0,227833162.0
688385,复旦微电,53.61,54.53,-1.69,12466083.0,679875641.0
688386,泛亚微透,53.4,55.98,-4.61,7300487.0,410396307.0
688387,信科移动,13.06,13.3,-1.8,33472667.0,444769539.0
688388,嘉元科技,28.64,29.32,-2.32,28238824.0,822878464.0
688389,普门科技,10.99,11.02,-0.27,1737784.0,19186915.0
688390,固德威,67.19,64.08,4.85,13100902.0,894661813.0
688391,钜泉科技,26.23,25.77,1.79,1358974.0,35597111.0
688392,骄成超声,187.3,192.6,-2.75,2668509.0,503211128.0
688393,安必平,19.99,20.53,-2.63,2615737.0,52567543.0
688395,正弦电气,23.16,22.98,0.78,1244483.0,28781726.0
688396,华润微,60.95,63.0,-3.25,19865831.0,1229050961.0
688398,赛特新材,20.25,20.35,-0.49,1332317.0,27402151.0
688399,硕世生物,28.37,28.22,0.53,1551301.0,44531400.0
688400,凌云光,48.1,47.25,1.8,13533899.0,654823471.0
688401,路维光电,68.08,69.12,-1.5,5185487.0,361769395.0
688403,汇成股份,24.46,23.78,2.86,64810198.0,1619953778.0
688408,中信博,26.5,24.78,6.94,7778344.0,202053349.0
688409,富创精密,206.55,215.0,-3.93,6477679.0,1368162878.0
688410,山外山,11.07,10.84,2.12,31971909.0,363347795.0
688411,海博思创,190.05,194.06,-2.07,2598614.0,501201784.0
688416,恒烁股份,75.35,80.0,-5.81,6011931.0,466987024.0
688418,震有科技,31.85,32.4,-1.7,2777973.0,89969656.0
688419,耐科装备,52.3,55.39,-5.58,5143196.0,274872139.0
688420,美腾科技,22.49,22.16,1.49,801062.0,17957022.0
688425,铁建重工,4.07,4.08,-0.25,14020079.0,57067620.0
688426,康为世纪,20.77,21.11,-1.61,1834183.0,38443152.0
688428,诺诚健华,29.04,28.88,0.55,10280133.0,302798369.0
688429,时创能源,10.08,10.19,-1.08,1163013.0,11817172.0
688432,有研硅,45.22,45.99,-1.67,64559563.0,2934472322.0
688433,华曙高科,97.2,99.68,-2.49,4665555.0,463925541.0
688435,英方软件,29.59,29.46,0.44,2655469.0,80608873.0
688439,振华风光,38.65,38.59,0.16,1600048.0,62127234.0
688443,智翔金泰,24.22,24.8,-2.34,5195184.0,129279573.0
688448,磁谷科技,63.83,66.77,-4.4,2133502.0,137857334.0
688449,联芸科技,64.84,68.58,-5.45,10040659.0,668223597.0
688450,光格科技,32.9,35.1,-6.27,2571440.0,86174414.0
688455,科捷智能,16.21,16.64,-2.58,4147499.0,68411349.0
688456,有研粉材,82.06,83.13,-1.29,7155739.0,599950806.0
688458,美芯晟,34.27,33.78,1.45,1686709.0,58127787.0
688459,哈铁科技,8.04,8.04,0.0,684670.0,5496267.0
688466,金科环境,14.2,14.19,0.07,775444.0,10979190.0
688468,科美诊断,6.38,6.42,-0.62,2779635.0,17707012.0
688469,芯联集成,8.58,8.73,-1.72,82784486.0,717288469.0
688472,阿特斯,9.73,9.99,-2.6,65205595.0,628852841.0
688475,萤石网络,28.75,28.84,-0.31,3191154.0,92588385.0
688478,晶升股份,47.7,50.41,-5.38,4766513.0,235052137.0
688479,友车科技,31.19,32.6,-4.33,1993938.0,63750363.0
688480,赛恩斯,73.9,75.2,-1.73,675969.0,50532973.0
688484,南芯科技,36.45,37.62,-3.11,8015789.0,295542869.0
688485,九州一轨,83.0,89.76,-7.53,7600401.0,650555560.0
688486,龙迅股份,41.63,43.04,-3.28,4060668.0,173056282.0
688488,艾迪药业,16.12,16.12,0.0,6046981.0,98619599.0
688489,三未信安,25.04,24.58,1.87,2632968.0,67278813.0
688496,*ST清越,0.91,0.93,-2.15,7881399.0,7191588.0
688498,源杰科技,1538.35,1630.99,-5.68,3637707.0,5742181907.0
688499,利元亨,34.96,35.34,-1.08,3386741.0,120365080.0
688500,慧辰股份,34.6,34.6,0.0,1977070.0,70020765.0
688501,青达环保,13.88,14.36,-3.34,3296142.0,46596469.0
688502,茂莱光学,441.01,453.84,-2.83,1537233.0,686552438.0
688503,聚和材料,77.85,87.0,-10.52,32195417.0,2620938914.0
688505,复旦张江,8.19,8.34,-1.8,6922557.0,56904113.0
688506,百利天恒,270.83,271.99,-0.43,1316683.0,357726863.0
688507,索辰科技,151.49,153.8,-1.5,5316101.0,832251579.0
688508,芯朋微,86.38,90.79,-4.86,5796848.0,510883954.0
688509,正元地信,4.29,4.27,0.47,4272981.0,18279170.0
688510,航亚科技,24.45,24.72,-1.09,1942069.0,47878359.0
688511,天微电子,22.41,22.71,-1.32,1811968.0,41052442.0
688512,慧智微,14.12,14.41,-2.01,10710922.0,154083018.0
688513,苑东生物,43.58,44.3,-1.63,1806240.0,79157630.0
688515,裕太微,151.48,157.65,-3.91,2994135.0,466104869.0
688516,奥特维,45.8,45.55,0.55,10596080.0,494960466.0
688517,金冠电气,15.68,15.46,1.42,2022298.0,31481836.0
688518,联赢激光,21.17,20.81,1.73,17056048.0,367057342.0
688519,南亚新材,292.3,294.2,-0.65,6676633.0,2011049673.0
688520,神州细胞,36.43,36.88,-1.22,2212757.0,81046112.0
688521,芯原股份,186.9,193.7,-3.51,18218538.0,3487900739.0
688522,纳睿雷达,18.6,18.43,0.92,3268373.0,60999985.0
688523,航天环宇,40.7,41.74,-2.49,3253974.0,135036704.0
688525,佰维存储,230.93,238.44,-3.15,19075539.0,4474855964.0
688526,科前生物,12.62,12.62,0.0,1377569.0,17348586.0
688528,秦川物联,10.04,10.16,-1.18,1638389.0,16559689.0
688529,豪森智能,15.37,15.35,0.13,1864565.0,29027442.0
688530,欧莱新材,61.18,64.95,-5.8,9432168.0,594892908.0
688531,日联科技,135.2,138.05,-2.06,2700520.0,372132436.0
688533,上声电子,20.98,20.94,0.19,1432515.0,29511872.0
688535,华海诚科,102.4,105.56,-2.99,5225239.0,546238753.0
688536,思瑞浦,308.8,315.99,-2.28,3265268.0,1020122283.0
688538,和辉光电,2.29,2.3,-0.43,39365549.0,90432990.0
688539,高华科技,24.25,24.43,-0.74,2520790.0,61995750.0
688543,国科军工,39.22,38.98,0.62,3902760.0,153620977.0
688545,兴福电子,77.14,80.36,-4.01,9379952.0,738851587.0
688548,广钢气体,34.33,36.07,-4.82,28235523.0,988861100.0
688549,中巨芯,24.54,25.62,-4.22,71691420.0,1816976117.0
688550,瑞联新材,39.58,39.62,-0.1,3703603.0,146806498.0
688551,科威尔,42.44,40.15,5.7,5598859.0,235600936.0
688552,航天南湖,28.81,28.07,2.64,5290724.0,152555087.0
688553,汇宇制药,11.71,11.89,-1.51,10098739.0,119402875.0
688556,高测股份,7.9,8.24,-4.13,26487938.0,212390326.0
688557,兰剑智能,20.59,20.42,0.83,1338938.0,27714804.0
688558,国盛智科,31.79,32.39,-1.85,1818586.0,58538734.0
688559,海目星,57.91,56.37,2.73,18457146.0,1098654677.0
688560,明冠新材,12.47,12.3,1.38,3194531.0,40086519.0
688561,奇安信,27.13,25.28,7.32,23014209.0,643033772.0
688562,航天软件,14.18,14.21,-0.21,2817193.0,40219154.0
688563,航材股份,49.9,49.98,-0.16,1038987.0,52169486.0
688565,力源科技,11.22,11.27,-0.44,1347791.0,15146380.0
688566,吉贝尔,25.46,25.43,0.12,2009185.0,51028180.0
688567,孚能科技,10.04,9.72,3.29,13047078.0,130232984.0
688568,中科星图,31.88,31.6,0.89,6915318.0,222372924.0
688569,铁科轨道,18.59,18.29,1.64,1467677.0,27115361.0
688570,天玛智控,15.36,15.32,0.26,505516.0,7769300.0
688571,杭华股份,8.67,8.8,-1.48,4950342.0,43371128.0
688573,信宇人,16.15,16.13,0.12,1254558.0,20418068.0
688575,亚辉龙,10.39,10.76,-3.44,34767632.0,369753784.0
688576,西山科技,41.83,41.41,1.01,298665.0,12505325.0
688577,浙海德曼,42.86,43.88,-2.32,1695208.0,73754735.0
688578,艾力斯,113.7,115.05,-1.17,2951106.0,335863588.0
688579,地纬智能,7.92,7.89,0.38,3284207.0,26228910.0
688580,伟思医疗,46.08,47.25,-2.48,1276933.0,59526138.0
688581,安杰思,52.61,52.38,0.44,355580.0,18638230.0
688582,芯动联科,42.17,42.4,-0.54,3776434.0,160994490.0
688583,思看科技,89.4,83.15,7.52,4303451.0,384394817.0
688584,上海合晶,28.85,29.83,-3.29,10356822.0,303653238.0
688585,上纬新材,157.95,159.88,-1.21,4790089.0,755385571.0
688586,江航装备,11.51,11.45,0.52,7479813.0,87050202.0
688588,凌志软件,9.77,9.69,0.83,4024771.0,39737997.0
688589,力合微,19.37,19.51,-0.72,2921643.0,56995174.0
688590,新致软件,12.1,12.8,-5.47,13465709.0,166062370.0
688591,泰凌微,29.15,29.45,-1.02,4704984.0,138847544.0
688592,司南导航,24.39,24.81,-1.69,790909.0,19361661.0
688593,新相微,30.4,31.23,-2.66,16539189.0,514687956.0
688595,芯海科技,28.81,28.67,0.49,4756000.0,140240464.0
688596,正帆科技,67.4,72.4,-6.91,23055060.0,1629169101.0
688597,煜邦电力,6.51,6.6,-1.36,7258286.0,47554876.0
688598,金博股份,35.6,37.6,-5.32,17525306.0,639671735.0
688599,天合光能,12.62,12.54,0.64,20285156.0,255774546.0
688600,皖仪科技,28.8,28.2,2.13,4493325.0,129737875.0
688601,力芯微,54.7,54.21,0.9,6027654.0,334460078.0
688602,康鹏科技,6.76,6.77,-0.15,3432303.0,23327977.0
688603,天承科技,113.2,115.58,-2.06,5920098.0,689596481.0
688605,先锋精科,71.52,72.65,-1.56,3290979.0,239173442.0
688606,奥泰生物,47.69,47.47,0.46,309808.0,14765461.0
688607,康众医疗,41.3,40.91,0.95,1789045.0,75154800.0
688608,恒玄科技,103.51,105.31,-1.71,2310100.0,241873968.0
688609,九联科技,9.34,9.26,0.86,19595506.0,184354584.0
688610,埃科光电,165.72,173.4,-4.43,1360408.0,228121551.0
688611,杭州柯林,61.05,61.77,-1.17,634347.0,39132004.0
688612,威迈斯,34.0,34.66,-1.9,2490439.0,85799122.0
688613,奥精医疗,15.66,15.67,-0.06,1631717.0,25710722.0
688615,合合信息,96.0,94.6,1.48,7230923.0,699386462.0
688616,西力科技,11.05,10.93,1.1,1691268.0,18630816.0
688617,惠泰医疗,248.15,250.59,-0.97,809470.0,200780665.0
688618,三旺通信,30.0,31.35,-4.31,2288296.0,70068599.0
688619,罗普特,14.13,13.83,2.17,3677996.0,51568997.0
688620,安凯微,15.66,15.97,-1.94,18423275.0,294358430.0
688621,阳光诺和,63.1,65.5,-3.66,3654391.0,233887813.0
688622,*ST禾信,92.88,96.5,-3.75,626463.0,59277815.0
688623,双元科技,57.68,58.18,-0.86,372354.0,21523548.0
688625,呈和科技,55.6,54.8,1.46,4653927.0,257025349.0
688626,翔宇医疗,42.66,43.13,-1.09,1104096.0,47306862.0
688627,精智达,491.95,513.5,-4.2,4661803.0,2372863707.0
688628,优利德,77.87,80.62,-3.41,4191359.0,332836881.0
688629,华丰科技,130.88,138.25,-5.33,18853724.0,2543917563.0
688630,芯碁微装,418.8,438.6,-4.51,4404049.0,1888814070.0
688631,莱斯信息,39.9,39.63,0.68,1126804.0,45198024.0
688633,星球石墨,24.86,23.89,4.06,5215800.0,128581172.0
688635,长进光子,293.88,313.56,-6.28,2228211.0,680698027.0
688636,智明达,20.25,20.32,-0.34,5590103.0,114346808.0
688638,誉辰智能,33.69,33.56,0.39,342583.0,11591550.0
688639,华恒生物,16.96,16.59,2.23,4482972.0,75430265.0
688646,逸飞激光,72.07,74.66,-3.47,1992536.0,146605706.0
688648,中邮科技,32.96,32.55,1.26,2201718.0,72574307.0
688651,盛邦安全,23.19,22.67,2.29,2785158.0,65817655.0
688652,京仪装备,149.51,154.91,-3.49,3099934.0,471448969.0
688653,康希通信,14.1,13.99,0.79,15166328.0,216379766.0
688655,迅捷兴,42.55,45.42,-6.32,10495122.0,463684881.0
688656,浩欧博,93.69,94.0,-0.33,522165.0,49129223.0
688657,浩辰软件,32.2,31.97,0.72,1159583.0,37782838.0
688658,悦康药业,14.27,15.3,-6.73,24484233.0,358808580.0
688659,元琛科技,10.48,10.59,-1.04,3637695.0,37844402.0
688660,电气风电,7.68,7.52,2.13,18452699.0,141634723.0
688661,和林微纳,106.6,110.35,-3.4,5175906.0,559441772.0
688662,富信科技,90.17,91.66,-1.63,12552024.0,1166980833.0
688663,新风光,54.15,53.98,0.31,3521663.0,191034466.0
688665,四方光电,44.82,44.94,-0.27,544419.0,24568495.0
688667,菱电电控,88.3,89.68,-1.54,466957.0,41911270.0
688668,鼎通科技,258.65,269.0,-3.85,4363687.0,1153501418.0
688669,聚石化学,74.8,75.96,-1.53,2713030.0,207184388.0
688670,金迪克,16.28,16.62,-2.05,2025909.0,33548521.0
688671,碧兴物联,24.77,24.88,-0.44,775934.0,19426851.0
688676,金盘科技,66.11,66.77,-0.99,18459548.0,1228739770.0
688677,海泰新光,90.62,89.2,1.59,10832612.0,1001055923.0
688678,福立旺,19.82,20.45,-3.08,16115443.0,322656763.0
688679,通源环境,38.69,39.6,-2.3,3682073.0,144515788.0
688680,海优新材,35.4,33.35,6.15,3614715.0,129604932.0
688681,科汇股份,16.92,16.95,-0.18,1146886.0,19458285.0
688682,霍莱沃,30.92,31.36,-1.4,1480170.0,46475306.0
688683,莱尔科技,29.85,30.05,-0.67,1216386.0,36566309.0
688685,迈信林,39.3,39.5,-0.51,3228849.0,129356256.0
688686,奥普特,136.0,137.05,-0.77,2166040.0,301602528.0
688687,凯因科技,18.27,18.36,-0.49,2477456.0,45524203.0
688689,银河微电,39.9,40.65,-1.85,5327880.0,217411201.0
688690,纳微科技,38.72,39.27,-1.4,8932880.0,351322085.0
688691,灿芯股份,64.51,66.88,-3.54,3774126.0,248977746.0
688692,达梦数据,215.53,215.35,0.08,1242715.0,271549472.0
688693,锴威特,74.01,77.04,-3.93,1673433.0,126908470.0
688695,中创股份,19.39,19.3,0.47,1251510.0,24366460.0
688696,极米科技,69.31,69.7,-0.56,425881.0,29802686.0
688697,纽威数控,14.91,15.49,-3.74,22208653.0,342605527.0
688698,伟创电气,42.97,43.26,-0.67,2700458.0,117733011.0
688699,明微电子,61.25,60.88,0.61,4834696.0,302286672.0
688700,东威科技,59.19,60.76,-2.58,9080682.0,546533873.0
688701,卓锦股份,9.28,9.25,0.32,3101094.0,28710330.0
688702,盛科通信,365.1,380.4,-4.02,5834482.0,2202674447.0
688707,振华新材,10.67,10.48,1.81,6860010.0,72979452.0
688708,佳驰科技,40.74,40.11,1.57,1829795.0,75060000.0
688709,成都华微,25.8,25.95,-0.58,3610740.0,93897266.0
688710,益诺思,86.97,90.17,-3.55,2220782.0,195256896.0
688711,宏微科技,25.99,26.25,-0.99,5522325.0,144738084.0
688712,北芯生命,32.96,33.53,-1.7,1773737.0,58765835.0
688716,中研股份,28.64,27.64,3.62,5140474.0,148157495.0
688717,艾罗能源,49.31,48.84,0.96,7410227.0,367359204.0
688718,唯赛勃,14.38,13.95,3.08,1906696.0,27270256.0
688719,爱科赛博,50.5,51.28,-1.52,5562520.0,292388896.0
688720,艾森股份,63.33,66.24,-4.39,3756268.0,244906903.0
688721,龙图光罩,41.05,42.29,-2.93,3262676.0,136539331.0
688722,同益中,13.88,13.81,0.51,2437706.0,33897029.0
688726,拉普拉斯,45.96,46.97,-2.15,5840666.0,274605511.0
688727,恒坤新材,48.91,51.32,-4.7,4516516.0,227751582.0
688728,格科微,14.93,15.66,-4.66,34748226.0,524304010.0
688729,屹唐股份,23.98,24.73,-3.03,29337540.0,722000392.0
688733,壹石通,30.57,31.61,-3.29,6841589.0,214709445.0
688737,中自科技,17.91,18.05,-0.78,848215.0,15327190.0
688739,成大生物,21.08,21.27,-0.89,1384448.0,29321296.0
688750,金天钛业,14.24,14.18,0.42,2480467.0,35347549.0
688755,汉邦科技,27.36,27.19,0.63,1219699.0,33663163.0
688757,胜科纳米,30.89,31.93,-3.26,7232038.0,229147145.0
688758,赛分科技,27.08,26.55,2.0,12335900.0,336731152.0
688759,必贝特,24.66,25.73,-4.16,2968529.0,74901823.0
688765,禾元生物,38.5,39.0,-1.28,4600079.0,179329623.0
688766,普冉股份,401.18,429.89,-6.68,11703105.0,4811645487.0
688767,博拓生物,37.0,36.7,0.82,1929347.0,71021993.0
688768,容知日新,41.06,40.77,0.71,587105.0,24274450.0
688772,珠海冠宇,15.63,15.03,3.99,41913527.0,657545594.0
688775,影石创新,119.3,120.71,-1.17,4658746.0,563205301.0
688776,国光电气,48.08,47.16,1.95,1368485.0,65912485.0
688777,中控技术,92.14,91.7,0.48,20788447.0,1956192443.0
688778,厦钨新能,47.55,47.02,1.13,6486044.0,309548164.0
688779,五矿新能,8.07,8.16,-1.1,16294059.0,132398059.0
688781,视涯科技,38.64,38.66,-0.05,1381573.0,53319953.0
688783,西安奕材,30.67,32.0,-4.16,25074720.0,785090194.0
688785,恒运昌,263.0,275.11,-4.4,502320.0,135225801.0
688786,悦安新材,27.51,27.32,0.7,6071454.0,170779126.0
688787,海天瑞声,94.02,94.88,-0.91,2889415.0,277329410.0
688788,科思科技,29.85,29.89,-0.13,2666021.0,80833948.0
688789,宏华数科,46.28,46.68,-0.86,1074750.0,50160464.0
688790,昂瑞微,112.82,114.1,-1.12,2343314.0,274581338.0
688793,倍轻松,19.55,19.91,-1.81,1759927.0,34576703.0
688795,摩尔线程,533.88,544.02,-1.86,964449.0,522546788.0
688796,百奥赛图,116.91,121.7,-3.94,2731634.0,323536534.0
688797,臻宝科技,304.6,326.07,-6.58,3932596.0,1231081418.0
688798,艾为电子,62.51,61.93,0.94,7684438.0,483701476.0
688799,华纳药厂,44.36,45.27,-2.01,1636298.0,73654456.0
688800,瑞可达,64.78,68.45,-5.36,11486772.0,766854600.0
688802,沐曦股份,674.9,690.8,-2.3,939196.0,645282889.0
688805,健信超导,41.53,42.58,-2.47,1923311.0,81056981.0
688806,泰诺麦博,24.15,25.15,-3.98,4475678.0,109486075.0
688807,优迅股份,330.56,354.39,-6.72,2703814.0,921976248.0
688808,联讯仪器,2279.02,2319.0,-1.72,959621.0,2191826119.0
688809,强一股份,454.14,459.02,-1.06,1349403.0,625802961.0
688811,有研复材,21.65,21.86,-0.96,5256041.0,115944287.0
688813,泰金新能,114.5,119.96,-4.55,3635613.0,430425837.0
688816,易思维,48.68,48.68,0.0,309228.0,15098609.0
688818,电科蓝天,45.02,46.07,-2.28,5432920.0,248221366.0
688819,天能股份,21.89,22.09,-0.91,2142131.0,47003906.0
688820,盛合晶微,127.55,127.7,-0.12,14430040.0,1885100905.0
688825,长鑫科技,58.6,59.12,-0.88,226216708.0,13290594174.0
688826,频准激光,900.89,1016.21,-11.35,1912946.0,1810602209.0
688828,国仪公司,105.03,115.38,-8.97,7740163.0,831503464.0
688835,C高凯,269.01,300.0,-10.33,4712437.0,1338444152.0
688836,宇树科技,585.0,615.03,-4.88,5674797.0,3362608198.0
688981,中芯国际,125.88,126.33,-0.36,29669337.0,3765222746.0
689009,九号公司,42.38,43.95,-3.57,9956050.0,426177266.0
